2026-05-01T12:19:32.871+0545 [INFO] [org.gradle.internal.nativeintegration.services.NativeServices] Initialized native services in: E:\.gradle\native
2026-05-01T12:19:32.898+0545 [INFO] [org.gradle.internal.nativeintegration.services.NativeServices] Initialized jansi services in: E:\.gradle\native
2026-05-01T12:19:32.906+0545 [LIFECYCLE] [org.gradle.launcher.cli.DebugLoggerWarningAction] 
#############################################################################
   WARNING WARNING WARNING WARNING WARNING WARNING WARNING WARNING WARNING

   Debug level logging will leak security sensitive information!

   For more details, please refer to https://docs.gradle.org/8.12.1/userguide/logging.html#sec:debug_security in the Gradle documentation.
#############################################################################

2026-05-01T12:19:32.936+0545 [DEBUG] [org.gradle.internal.nativeintegration.services.NativeServices] Native-platform posix files integration is not available. Continuing with fallback.
2026-05-01T12:19:33.164+0545 [DEBUG] [org.gradle.internal.remote.internal.inet.InetAddresses] Adding IP addresses for network interface Software Loopback Interface 1
2026-05-01T12:19:33.166+0545 [DEBUG] [org.gradle.internal.remote.internal.inet.InetAddresses] Is this a loopback interface? true
2026-05-01T12:19:33.166+0545 [DEBUG] [org.gradle.internal.remote.internal.inet.InetAddresses] Adding loopback address /127.0.0.1
2026-05-01T12:19:33.166+0545 [DEBUG] [org.gradle.internal.remote.internal.inet.InetAddresses] Adding loopback address /0:0:0:0:0:0:0:1
2026-05-01T12:19:33.166+0545 [DEBUG] [org.gradle.internal.remote.internal.inet.InetAddresses] Adding IP addresses for network interface Microsoft 6to4 Adapter
2026-05-01T12:19:33.168+0545 [DEBUG] [org.gradle.internal.remote.internal.inet.InetAddresses] Is this a loopback interface? false
2026-05-01T12:19:33.168+0545 [DEBUG] [org.gradle.internal.remote.internal.inet.InetAddresses] Adding IP addresses for network interface WAN Miniport (PPPOE)
2026-05-01T12:19:33.169+0545 [DEBUG] [org.gradle.internal.remote.internal.inet.InetAddresses] Is this a loopback interface? false
2026-05-01T12:19:33.170+0545 [DEBUG] [org.gradle.internal.remote.internal.inet.InetAddresses] Adding IP addresses for network interface WAN Miniport (Network Monitor)
2026-05-01T12:19:33.171+0545 [DEBUG] [org.gradle.internal.remote.internal.inet.InetAddresses] Is this a loopback interface? false
2026-05-01T12:19:33.171+0545 [DEBUG] [org.gradle.internal.remote.internal.inet.InetAddresses] Adding IP addresses for network interface Realtek PCIe GbE Family Controller
2026-05-01T12:19:33.173+0545 [DEBUG] [org.gradle.internal.remote.internal.inet.InetAddresses] Is this a loopback interface? false
2026-05-01T12:19:33.173+0545 [DEBUG] [org.gradle.internal.remote.internal.inet.InetAddresses] Adding remote address /192.168.100.5
2026-05-01T12:19:33.173+0545 [DEBUG] [org.gradle.internal.remote.internal.inet.InetAddresses] Adding remote address /fe80:0:0:0:d5d7:3a7d:41d5:325c%eth1
2026-05-01T12:19:33.173+0545 [DEBUG] [org.gradle.internal.remote.internal.inet.InetAddresses] Adding IP addresses for network interface WAN Miniport (SSTP)
2026-05-01T12:19:33.175+0545 [DEBUG] [org.gradle.internal.remote.internal.inet.InetAddresses] Is this a loopback interface? false
2026-05-01T12:19:33.175+0545 [DEBUG] [org.gradle.internal.remote.internal.inet.InetAddresses] Adding IP addresses for network interface Microsoft IP-HTTPS Platform Adapter
2026-05-01T12:19:33.177+0545 [DEBUG] [org.gradle.internal.remote.internal.inet.InetAddresses] Is this a loopback interface? false
2026-05-01T12:19:33.177+0545 [DEBUG] [org.gradle.internal.remote.internal.inet.InetAddresses] Adding IP addresses for network interface WAN Miniport (IPv6)
2026-05-01T12:19:33.179+0545 [DEBUG] [org.gradle.internal.remote.internal.inet.InetAddresses] Is this a loopback interface? false
2026-05-01T12:19:33.179+0545 [DEBUG] [org.gradle.internal.remote.internal.inet.InetAddresses] Adding IP addresses for network interface Microsoft Wi-Fi Direct Virtual Adapter #2
2026-05-01T12:19:33.180+0545 [DEBUG] [org.gradle.internal.remote.internal.inet.InetAddresses] Is this a loopback interface? false
2026-05-01T12:19:33.180+0545 [DEBUG] [org.gradle.internal.remote.internal.inet.InetAddresses] Adding remote address /fe80:0:0:0:d13c:7e1e:94f9:7ee5%wlan0
2026-05-01T12:19:33.180+0545 [DEBUG] [org.gradle.internal.remote.internal.inet.InetAddresses] Adding IP addresses for network interface Microsoft Kernel Debug Network Adapter
2026-05-01T12:19:33.182+0545 [DEBUG] [org.gradle.internal.remote.internal.inet.InetAddresses] Is this a loopback interface? false
2026-05-01T12:19:33.182+0545 [DEBUG] [org.gradle.internal.remote.internal.inet.InetAddresses] Adding IP addresses for network interface WAN Miniport (IP)
2026-05-01T12:19:33.184+0545 [DEBUG] [org.gradle.internal.remote.internal.inet.InetAddresses] Is this a loopback interface? false
2026-05-01T12:19:33.184+0545 [DEBUG] [org.gradle.internal.remote.internal.inet.InetAddresses] Adding IP addresses for network interface Realtek RTL8852BE WiFi 6 802.11ax PCIe Adapter
2026-05-01T12:19:33.186+0545 [DEBUG] [org.gradle.internal.remote.internal.inet.InetAddresses] Is this a loopback interface? false
2026-05-01T12:19:33.186+0545 [DEBUG] [org.gradle.internal.remote.internal.inet.InetAddresses] Adding remote address /fe80:0:0:0:a359:8341:d78a:e268%wlan1
2026-05-01T12:19:33.186+0545 [DEBUG] [org.gradle.internal.remote.internal.inet.InetAddresses] Adding IP addresses for network interface Microsoft Teredo Tunneling Adapter
2026-05-01T12:19:33.187+0545 [DEBUG] [org.gradle.internal.remote.internal.inet.InetAddresses] Is this a loopback interface? false
2026-05-01T12:19:33.187+0545 [DEBUG] [org.gradle.internal.remote.internal.inet.InetAddresses] Adding IP addresses for network interface WAN Miniport (IKEv2)
2026-05-01T12:19:33.189+0545 [DEBUG] [org.gradle.internal.remote.internal.inet.InetAddresses] Is this a loopback interface? false
2026-05-01T12:19:33.189+0545 [DEBUG] [org.gradle.internal.remote.internal.inet.InetAddresses] Adding IP addresses for network interface Bluetooth Device (Personal Area Network)
2026-05-01T12:19:33.191+0545 [DEBUG] [org.gradle.internal.remote.internal.inet.InetAddresses] Is this a loopback interface? false
2026-05-01T12:19:33.191+0545 [DEBUG] [org.gradle.internal.remote.internal.inet.InetAddresses] Adding IP addresses for network interface Microsoft Wi-Fi Direct Virtual Adapter
2026-05-01T12:19:33.193+0545 [DEBUG] [org.gradle.internal.remote.internal.inet.InetAddresses] Is this a loopback interface? false
2026-05-01T12:19:33.193+0545 [DEBUG] [org.gradle.internal.remote.internal.inet.InetAddresses] Adding remote address /fe80:0:0:0:9f1b:3e51:9797:a865%wlan2
2026-05-01T12:19:33.193+0545 [DEBUG] [org.gradle.internal.remote.internal.inet.InetAddresses] Adding IP addresses for network interface WAN Miniport (PPTP)
2026-05-01T12:19:33.195+0545 [DEBUG] [org.gradle.internal.remote.internal.inet.InetAddresses] Is this a loopback interface? false
2026-05-01T12:19:33.195+0545 [DEBUG] [org.gradle.internal.remote.internal.inet.InetAddresses] Adding IP addresses for network interface WAN Miniport (L2TP)
2026-05-01T12:19:33.197+0545 [DEBUG] [org.gradle.internal.remote.internal.inet.InetAddresses] Is this a loopback interface? false
2026-05-01T12:19:33.197+0545 [DEBUG] [org.gradle.internal.remote.internal.inet.InetAddresses] Adding IP addresses for network interface Realtek PCIe GbE Family Controller-WFP Native MAC Layer LightWeight Filter-0000
2026-05-01T12:19:33.199+0545 [DEBUG] [org.gradle.internal.remote.internal.inet.InetAddresses] Is this a loopback interface? false
2026-05-01T12:19:33.199+0545 [DEBUG] [org.gradle.internal.remote.internal.inet.InetAddresses] Adding IP addresses for network interface Realtek PCIe GbE Family Controller-Npcap Packet Driver (NPCAP)-0000
2026-05-01T12:19:33.201+0545 [DEBUG] [org.gradle.internal.remote.internal.inet.InetAddresses] Is this a loopback interface? false
2026-05-01T12:19:33.201+0545 [DEBUG] [org.gradle.internal.remote.internal.inet.InetAddresses] Adding IP addresses for network interface Realtek PCIe GbE Family Controller-QoS Packet Scheduler-0000
2026-05-01T12:19:33.203+0545 [DEBUG] [org.gradle.internal.remote.internal.inet.InetAddresses] Is this a loopback interface? false
2026-05-01T12:19:33.203+0545 [DEBUG] [org.gradle.internal.remote.internal.inet.InetAddresses] Adding IP addresses for network interface Realtek PCIe GbE Family Controller-WFP 802.3 MAC Layer LightWeight Filter-0000
2026-05-01T12:19:33.205+0545 [DEBUG] [org.gradle.internal.remote.internal.inet.InetAddresses] Is this a loopback interface? false
2026-05-01T12:19:33.205+0545 [DEBUG] [org.gradle.internal.remote.internal.inet.InetAddresses] Adding IP addresses for network interface Realtek RTL8852BE WiFi 6 802.11ax PCIe Adapter-WFP Native MAC Layer LightWeight Filter-0000
2026-05-01T12:19:33.207+0545 [DEBUG] [org.gradle.internal.remote.internal.inet.InetAddresses] Is this a loopback interface? false
2026-05-01T12:19:33.207+0545 [DEBUG] [org.gradle.internal.remote.internal.inet.InetAddresses] Adding IP addresses for network interface Realtek RTL8852BE WiFi 6 802.11ax PCIe Adapter-Virtual WiFi Filter Driver-0000
2026-05-01T12:19:33.210+0545 [DEBUG] [org.gradle.internal.remote.internal.inet.InetAddresses] Is this a loopback interface? false
2026-05-01T12:19:33.215+0545 [DEBUG] [org.gradle.internal.remote.internal.inet.InetAddresses] Adding IP addresses for network interface Realtek RTL8852BE WiFi 6 802.11ax PCIe Adapter-Native WiFi Filter Driver-0000
2026-05-01T12:19:33.217+0545 [DEBUG] [org.gradle.internal.remote.internal.inet.InetAddresses] Is this a loopback interface? false
2026-05-01T12:19:33.217+0545 [DEBUG] [org.gradle.internal.remote.internal.inet.InetAddresses] Adding IP addresses for network interface Realtek RTL8852BE WiFi 6 802.11ax PCIe Adapter-Npcap Packet Driver (NPCAP)-0000
2026-05-01T12:19:33.219+0545 [DEBUG] [org.gradle.internal.remote.internal.inet.InetAddresses] Is this a loopback interface? false
2026-05-01T12:19:33.219+0545 [DEBUG] [org.gradle.internal.remote.internal.inet.InetAddresses] Adding IP addresses for network interface Realtek RTL8852BE WiFi 6 802.11ax PCIe Adapter-QoS Packet Scheduler-0000
2026-05-01T12:19:33.221+0545 [DEBUG] [org.gradle.internal.remote.internal.inet.InetAddresses] Is this a loopback interface? false
2026-05-01T12:19:33.221+0545 [DEBUG] [org.gradle.internal.remote.internal.inet.InetAddresses] Adding IP addresses for network interface Realtek RTL8852BE WiFi 6 802.11ax PCIe Adapter-WFP 802.3 MAC Layer LightWeight Filter-0000
2026-05-01T12:19:33.223+0545 [DEBUG] [org.gradle.internal.remote.internal.inet.InetAddresses] Is this a loopback interface? false
2026-05-01T12:19:33.223+0545 [DEBUG] [org.gradle.internal.remote.internal.inet.InetAddresses] Adding IP addresses for network interface Microsoft Wi-Fi Direct Virtual Adapter-WFP Native MAC Layer LightWeight Filter-0000
2026-05-01T12:19:33.225+0545 [DEBUG] [org.gradle.internal.remote.internal.inet.InetAddresses] Is this a loopback interface? false
2026-05-01T12:19:33.225+0545 [DEBUG] [org.gradle.internal.remote.internal.inet.InetAddresses] Adding IP addresses for network interface Hyper-V Virtual Switch Extension Adapter-Hyper-V Virtual Switch Extension Filter-0000
2026-05-01T12:19:33.227+0545 [DEBUG] [org.gradle.internal.remote.internal.inet.InetAddresses] Is this a loopback interface? false
2026-05-01T12:19:33.227+0545 [DEBUG] [org.gradle.internal.remote.internal.inet.InetAddresses] Adding IP addresses for network interface Hyper-V Virtual Switch Extension Adapter-Virtual Filtering Platform VMSwitch Extension-0000
2026-05-01T12:19:33.229+0545 [DEBUG] [org.gradle.internal.remote.internal.inet.InetAddresses] Is this a loopback interface? false
2026-05-01T12:19:33.229+0545 [DEBUG] [org.gradle.internal.remote.internal.inet.InetAddresses] Adding IP addresses for network interface Microsoft Wi-Fi Direct Virtual Adapter-Native WiFi Filter Driver-0000
2026-05-01T12:19:33.231+0545 [DEBUG] [org.gradle.internal.remote.internal.inet.InetAddresses] Is this a loopback interface? false
2026-05-01T12:19:33.231+0545 [DEBUG] [org.gradle.internal.remote.internal.inet.InetAddresses] Adding IP addresses for network interface Microsoft Wi-Fi Direct Virtual Adapter-Npcap Packet Driver (NPCAP)-0000
2026-05-01T12:19:33.233+0545 [DEBUG] [org.gradle.internal.remote.internal.inet.InetAddresses] Is this a loopback interface? false
2026-05-01T12:19:33.233+0545 [DEBUG] [org.gradle.internal.remote.internal.inet.InetAddresses] Adding IP addresses for network interface WAN Miniport (IP)-WFP Native MAC Layer LightWeight Filter-0000
2026-05-01T12:19:33.235+0545 [DEBUG] [org.gradle.internal.remote.internal.inet.InetAddresses] Is this a loopback interface? false
2026-05-01T12:19:33.235+0545 [DEBUG] [org.gradle.internal.remote.internal.inet.InetAddresses] Adding IP addresses for network interface WAN Miniport (IP)-Npcap Packet Driver (NPCAP)-0000
2026-05-01T12:19:33.237+0545 [DEBUG] [org.gradle.internal.remote.internal.inet.InetAddresses] Is this a loopback interface? false
2026-05-01T12:19:33.237+0545 [DEBUG] [org.gradle.internal.remote.internal.inet.InetAddresses] Adding IP addresses for network interface WAN Miniport (IP)-QoS Packet Scheduler-0000
2026-05-01T12:19:33.240+0545 [DEBUG] [org.gradle.internal.remote.internal.inet.InetAddresses] Is this a loopback interface? false
2026-05-01T12:19:33.240+0545 [DEBUG] [org.gradle.internal.remote.internal.inet.InetAddresses] Adding IP addresses for network interface WAN Miniport (IPv6)-WFP Native MAC Layer LightWeight Filter-0000
2026-05-01T12:19:33.242+0545 [DEBUG] [org.gradle.internal.remote.internal.inet.InetAddresses] Is this a loopback interface? false
2026-05-01T12:19:33.242+0545 [DEBUG] [org.gradle.internal.remote.internal.inet.InetAddresses] Adding IP addresses for network interface WAN Miniport (IPv6)-Npcap Packet Driver (NPCAP)-0000
2026-05-01T12:19:33.245+0545 [DEBUG] [org.gradle.internal.remote.internal.inet.InetAddresses] Is this a loopback interface? false
2026-05-01T12:19:33.245+0545 [DEBUG] [org.gradle.internal.remote.internal.inet.InetAddresses] Adding IP addresses for network interface WAN Miniport (IPv6)-QoS Packet Scheduler-0000
2026-05-01T12:19:33.247+0545 [DEBUG] [org.gradle.internal.remote.internal.inet.InetAddresses] Is this a loopback interface? false
2026-05-01T12:19:33.247+0545 [DEBUG] [org.gradle.internal.remote.internal.inet.InetAddresses] Adding IP addresses for network interface WAN Miniport (Network Monitor)-WFP Native MAC Layer LightWeight Filter-0000
2026-05-01T12:19:33.250+0545 [DEBUG] [org.gradle.internal.remote.internal.inet.InetAddresses] Is this a loopback interface? false
2026-05-01T12:19:33.250+0545 [DEBUG] [org.gradle.internal.remote.internal.inet.InetAddresses] Adding IP addresses for network interface WAN Miniport (Network Monitor)-Npcap Packet Driver (NPCAP)-0000
2026-05-01T12:19:33.252+0545 [DEBUG] [org.gradle.internal.remote.internal.inet.InetAddresses] Is this a loopback interface? false
2026-05-01T12:19:33.252+0545 [DEBUG] [org.gradle.internal.remote.internal.inet.InetAddresses] Adding IP addresses for network interface WAN Miniport (Network Monitor)-QoS Packet Scheduler-0000
2026-05-01T12:19:33.254+0545 [DEBUG] [org.gradle.internal.remote.internal.inet.InetAddresses] Is this a loopback interface? false
2026-05-01T12:19:33.254+0545 [DEBUG] [org.gradle.internal.remote.internal.inet.InetAddresses] Adding IP addresses for network interface Microsoft Wi-Fi Direct Virtual Adapter-QoS Packet Scheduler-0000
2026-05-01T12:19:33.256+0545 [DEBUG] [org.gradle.internal.remote.internal.inet.InetAddresses] Is this a loopback interface? false
2026-05-01T12:19:33.256+0545 [DEBUG] [org.gradle.internal.remote.internal.inet.InetAddresses] Adding IP addresses for network interface Microsoft Wi-Fi Direct Virtual Adapter-WFP 802.3 MAC Layer LightWeight Filter-0000
2026-05-01T12:19:33.258+0545 [DEBUG] [org.gradle.internal.remote.internal.inet.InetAddresses] Is this a loopback interface? false
2026-05-01T12:19:33.258+0545 [DEBUG] [org.gradle.internal.remote.internal.inet.InetAddresses] Adding IP addresses for network interface Microsoft Wi-Fi Direct Virtual Adapter #2-WFP Native MAC Layer LightWeight Filter-0000
2026-05-01T12:19:33.260+0545 [DEBUG] [org.gradle.internal.remote.internal.inet.InetAddresses] Is this a loopback interface? false
2026-05-01T12:19:33.260+0545 [DEBUG] [org.gradle.internal.remote.internal.inet.InetAddresses] Adding IP addresses for network interface Microsoft Wi-Fi Direct Virtual Adapter #2-Native WiFi Filter Driver-0000
2026-05-01T12:19:33.262+0545 [DEBUG] [org.gradle.internal.remote.internal.inet.InetAddresses] Is this a loopback interface? false
2026-05-01T12:19:33.262+0545 [DEBUG] [org.gradle.internal.remote.internal.inet.InetAddresses] Adding IP addresses for network interface Microsoft Wi-Fi Direct Virtual Adapter #2-Npcap Packet Driver (NPCAP)-0000
2026-05-01T12:19:33.264+0545 [DEBUG] [org.gradle.internal.remote.internal.inet.InetAddresses] Is this a loopback interface? false
2026-05-01T12:19:33.264+0545 [DEBUG] [org.gradle.internal.remote.internal.inet.InetAddresses] Adding IP addresses for network interface Hyper-V Virtual Switch Extension Adapter
2026-05-01T12:19:33.266+0545 [DEBUG] [org.gradle.internal.remote.internal.inet.InetAddresses] Is this a loopback interface? false
2026-05-01T12:19:33.266+0545 [DEBUG] [org.gradle.internal.remote.internal.inet.InetAddresses] Adding IP addresses for network interface Microsoft Wi-Fi Direct Virtual Adapter #2-QoS Packet Scheduler-0000
2026-05-01T12:19:33.267+0545 [DEBUG] [org.gradle.internal.remote.internal.inet.InetAddresses] Is this a loopback interface? false
2026-05-01T12:19:33.267+0545 [DEBUG] [org.gradle.internal.remote.internal.inet.InetAddresses] Adding IP addresses for network interface Microsoft Wi-Fi Direct Virtual Adapter #2-WFP 802.3 MAC Layer LightWeight Filter-0000
2026-05-01T12:19:33.269+0545 [DEBUG] [org.gradle.internal.remote.internal.inet.InetAddresses] Is this a loopback interface? false
2026-05-01T12:19:33.269+0545 [DEBUG] [org.gradle.internal.remote.internal.inet.InetAddresses] Adding IP addresses for network interface Hyper-V Virtual Ethernet Adapter
2026-05-01T12:19:33.271+0545 [DEBUG] [org.gradle.internal.remote.internal.inet.InetAddresses] Is this a loopback interface? false
2026-05-01T12:19:33.271+0545 [DEBUG] [org.gradle.internal.remote.internal.inet.InetAddresses] Adding remote address /172.30.0.1
2026-05-01T12:19:33.271+0545 [DEBUG] [org.gradle.internal.remote.internal.inet.InetAddresses] Adding remote address /fe80:0:0:0:7a04:25e4:636f:9a16%eth22
2026-05-01T12:19:33.271+0545 [DEBUG] [org.gradle.internal.remote.internal.inet.InetAddresses] Adding IP addresses for network interface Hyper-V Virtual Ethernet Adapter-WFP Native MAC Layer LightWeight Filter-0000
2026-05-01T12:19:33.273+0545 [DEBUG] [org.gradle.internal.remote.internal.inet.InetAddresses] Is this a loopback interface? false
2026-05-01T12:19:33.273+0545 [DEBUG] [org.gradle.internal.remote.internal.inet.InetAddresses] Adding IP addresses for network interface Hyper-V Virtual Ethernet Adapter-Npcap Packet Driver (NPCAP)-0000
2026-05-01T12:19:33.275+0545 [DEBUG] [org.gradle.internal.remote.internal.inet.InetAddresses] Is this a loopback interface? false
2026-05-01T12:19:33.275+0545 [DEBUG] [org.gradle.internal.remote.internal.inet.InetAddresses] Adding IP addresses for network interface Hyper-V Virtual Ethernet Adapter-QoS Packet Scheduler-0000
2026-05-01T12:19:33.277+0545 [DEBUG] [org.gradle.internal.remote.internal.inet.InetAddresses] Is this a loopback interface? false
2026-05-01T12:19:33.277+0545 [DEBUG] [org.gradle.internal.remote.internal.inet.InetAddresses] Adding IP addresses for network interface Hyper-V Virtual Ethernet Adapter-WFP 802.3 MAC Layer LightWeight Filter-0000
2026-05-01T12:19:33.278+0545 [DEBUG] [org.gradle.internal.remote.internal.inet.InetAddresses] Is this a loopback interface? false
2026-05-01T12:19:33.303+0545 [DEBUG] [org.gradle.cache.internal.DefaultCacheCoordinator] Creating new cache for metadata, path E:\.gradle\caches\8.12.1\jvms\metadata.bin, access org.gradle.cache.internal.DefaultCacheCoordinator@4b0d79fc
2026-05-01T12:19:33.539+0545 [DEBUG] [org.gradle.launcher.daemon.client.DaemonClient] Executing build cb6eaf67-daca-4fae-a8f0-3d60bff7d0c6 in daemon client {pid=227844}
2026-05-01T12:19:33.546+0545 [DEBUG] [org.gradle.cache.internal.DefaultFileLockManager] Waiting to acquire shared lock on daemon addresses registry.
2026-05-01T12:19:33.548+0545 [DEBUG] [org.gradle.cache.internal.DefaultFileLockManager] Lock acquired on daemon addresses registry.
2026-05-01T12:19:33.552+0545 [DEBUG] [org.gradle.cache.internal.DefaultFileLockManager] Releasing lock on daemon addresses registry.
2026-05-01T12:19:33.555+0545 [INFO] [org.gradle.launcher.daemon.client.DefaultDaemonConnector] Found daemon DaemonInfo{pid=27820, address=[1b798b2d-fada-4ff0-a626-a17596f40764 port:19760, addresses:[/127.0.0.1]], state=Idle, lastBusy=1777616867651, context=DefaultDaemonContext[uid=405d7059-a945-4ec2-9fdc-fb8d6fe5272e,javaHome=C:\Users\LOQ\.vscode\extensions\redhat.java-1.54.0-win32-x64\jre\21.0.10-win32-x86_64,javaVersion=21,javaVendor=Eclipse Adoptium,daemonRegistryDir=E:\.gradle\daemon,pid=27820,idleTimeout=10800000,priority=NORMAL,applyInstrumentationAgent=true,nativeServicesMode=ENABLED,daemonOpts=-Xmx2G,-Dfile.encoding=UTF-8,-Duser.country=US,-Duser.language=en,-Duser.variant]} however its context does not match the desired criteria.
JVM is incompatible.
Wanted: DaemonRequestContext{jvmCriteria=C:\Program Files\Java\jre-1.8 (no JDK specified, using current Java home), daemonOpts=[-Xmx2G, -Dfile.encoding=windows-1252, -Duser.country=US, -Duser.language=en, -Duser.variant], applyInstrumentationAgent=true, nativeServicesMode=ENABLED, priority=NORMAL}
Actual: DefaultDaemonContext[uid=405d7059-a945-4ec2-9fdc-fb8d6fe5272e,javaHome=C:\Users\LOQ\.vscode\extensions\redhat.java-1.54.0-win32-x64\jre\21.0.10-win32-x86_64,javaVersion=21,javaVendor=Eclipse Adoptium,daemonRegistryDir=E:\.gradle\daemon,pid=27820,idleTimeout=10800000,priority=NORMAL,applyInstrumentationAgent=true,nativeServicesMode=ENABLED,daemonOpts=-Xmx2G,-Dfile.encoding=UTF-8,-Duser.country=US,-Duser.language=en,-Duser.variant]

  Looking for a different daemon...
2026-05-01T12:19:33.556+0545 [DEBUG] [org.gradle.internal.remote.internal.inet.TcpOutgoingConnector] Attempting to connect to [cb631a19-2560-4630-8525-098cc1f4182e port:30636, addresses:[/127.0.0.1]].
2026-05-01T12:19:33.556+0545 [DEBUG] [org.gradle.internal.remote.internal.inet.TcpOutgoingConnector] Trying to connect to address /127.0.0.1.
2026-05-01T12:19:33.559+0545 [DEBUG] [org.gradle.internal.remote.internal.inet.TcpOutgoingConnector] Connected to address /127.0.0.1:30636.
2026-05-01T12:19:33.569+0545 [DEBUG] [org.gradle.launcher.daemon.client.DaemonClient] Connected to daemon DaemonInfo{pid=20436, address=[cb631a19-2560-4630-8525-098cc1f4182e port:30636, addresses:[/127.0.0.1]], state=Idle, lastBusy=1777617185435, context=DefaultDaemonContext[uid=c96bd123-4a02-4949-b0fc-b325316aa3d9,javaHome=C:\Program Files\Java\jre-1.8,javaVersion=8,javaVendor=Oracle Corporation,daemonRegistryDir=E:\.gradle\daemon,pid=20436,idleTimeout=10800000,priority=NORMAL,applyInstrumentationAgent=true,nativeServicesMode=ENABLED,daemonOpts=-Xmx2G,-Dfile.encoding=windows-1252,-Duser.country=US,-Duser.language=en,-Duser.variant]}. Dispatching request Build{id=cb6eaf67-daca-4fae-a8f0-3d60bff7d0c6, currentDir=D:\CODES\shadrrr}.
2026-05-01T12:19:33.569+0545 [DEBUG] [org.gradle.launcher.daemon.client.DaemonClientConnection] thread 1: dispatching class org.gradle.launcher.daemon.protocol.Build
2026-05-01T12:19:33.579+0545 [DEBUG] [org.gradle.launcher.daemon.client.DaemonClient] Received result org.gradle.launcher.daemon.protocol.BuildStarted@163370c2 from daemon DaemonInfo{pid=20436, address=[cb631a19-2560-4630-8525-098cc1f4182e port:30636, addresses:[/127.0.0.1]], state=Idle, lastBusy=1777617185435, context=DefaultDaemonContext[uid=c96bd123-4a02-4949-b0fc-b325316aa3d9,javaHome=C:\Program Files\Java\jre-1.8,javaVersion=8,javaVendor=Oracle Corporation,daemonRegistryDir=E:\.gradle\daemon,pid=20436,idleTimeout=10800000,priority=NORMAL,applyInstrumentationAgent=true,nativeServicesMode=ENABLED,daemonOpts=-Xmx2G,-Dfile.encoding=windows-1252,-Duser.country=US,-Duser.language=en,-Duser.variant]} (build should be starting).
2026-05-01T12:19:33.581+0545 [INFO] [org.gradle.launcher.daemon.server.exec.LogToClient] The client will now receive all logging from the daemon (pid: 20436). The daemon log file: E:\.gradle\daemon\8.12.1\daemon-20436.out.log
2026-05-01T12:19:33.584+0545 [INFO] [org.gradle.launcher.daemon.server.exec.LogAndCheckHealth] Starting 2nd build in daemon [uptime: 1 mins 28.725 secs, performance: 97%, GC rate: 2.00/s, heap usage: 0% of 1.3 GiB]
2026-05-01T12:19:33.584+0545 [DEBUG] [org.gradle.launcher.daemon.server.exec.ExecuteBuild] The daemon has started executing the build.
2026-05-01T12:19:33.584+0545 [DEBUG] [org.gradle.launcher.daemon.server.exec.ExecuteBuild] Executing build with daemon context: DefaultDaemonContext[uid=c96bd123-4a02-4949-b0fc-b325316aa3d9,javaHome=C:\Program Files\Java\jre-1.8,javaVersion=8,javaVendor=Oracle Corporation,daemonRegistryDir=E:\.gradle\daemon,pid=20436,idleTimeout=10800000,priority=NORMAL,applyInstrumentationAgent=true,nativeServicesMode=ENABLED,daemonOpts=-Xmx2G,-Dfile.encoding=windows-1252,-Duser.country=US,-Duser.language=en,-Duser.variant]
2026-05-01T12:19:33.587+0545 [INFO] [org.gradle.internal.work.DefaultWorkerLeaseService] Using 12 worker leases.
2026-05-01T12:19:33.587+0545 [DEBUG] [org.gradle.internal.resources.AbstractTrackedResourceLock] Daemon worker Thread 2: acquired lock on worker lease
2026-05-01T12:19:33.587+0545 [DEBUG] [org.gradle.internal.operations.DefaultBuildOperationRunner] Build operation 'Run build' started
2026-05-01T12:19:33.597+0545 [DEBUG] [org.gradle.cache.internal.DefaultCacheCoordinator] Creating new cache for fileHashes, path D:\CODES\shadrrr\.gradle\8.12.1\fileHashes\fileHashes.bin, access org.gradle.cache.internal.DefaultCacheCoordinator@64473405
2026-05-01T12:19:33.598+0545 [DEBUG] [org.gradle.cache.internal.LockOnDemandCrossProcessCacheAccess] Acquiring file lock for file hash cache (D:\CODES\shadrrr\.gradle\8.12.1\fileHashes)
2026-05-01T12:19:33.605+0545 [DEBUG] [org.gradle.cache.internal.DefaultFileLockManager] Waiting to acquire exclusive lock on file hash cache (D:\CODES\shadrrr\.gradle\8.12.1\fileHashes).
2026-05-01T12:19:33.606+0545 [DEBUG] [org.gradle.cache.internal.DefaultFileLockManager] Lock acquired on file hash cache (D:\CODES\shadrrr\.gradle\8.12.1\fileHashes).
2026-05-01T12:19:33.606+0545 [DEBUG] [org.gradle.cache.internal.DefaultCacheCoordinator] Creating new cache for outputFiles, path D:\CODES\shadrrr\.gradle\buildOutputCleanup\outputFiles.bin, access org.gradle.cache.internal.DefaultCacheCoordinator@210ac22f
2026-05-01T12:19:33.607+0545 [DEBUG] [org.gradle.cache.internal.LockOnDemandCrossProcessCacheAccess] Acquiring file lock for Build Output Cleanup Cache (D:\CODES\shadrrr\.gradle\buildOutputCleanup)
2026-05-01T12:19:33.614+0545 [DEBUG] [org.gradle.cache.internal.DefaultFileLockManager] Waiting to acquire exclusive lock on Build Output Cleanup Cache (D:\CODES\shadrrr\.gradle\buildOutputCleanup).
2026-05-01T12:19:33.615+0545 [DEBUG] [org.gradle.cache.internal.DefaultFileLockManager] Lock acquired on Build Output Cleanup Cache (D:\CODES\shadrrr\.gradle\buildOutputCleanup).
2026-05-01T12:19:33.615+0545 [DEBUG] [org.gradle.cache.internal.DefaultCacheCoordinator] Creating new cache for resourceHashesCache, path D:\CODES\shadrrr\.gradle\8.12.1\fileHashes\resourceHashesCache.bin, access org.gradle.cache.internal.DefaultCacheCoordinator@64473405
2026-05-01T12:19:33.617+0545 [INFO] [org.gradle.internal.watch.registry.impl.WatchableHierarchies] Now considering [D:\CODES\shadrrr] as hierarchies to watch
2026-05-01T12:19:33.619+0545 [INFO] [org.gradle.tooling.internal.provider.FileSystemWatchingBuildActionRunner] Watching the file system is configured to be enabled if available
2026-05-01T12:19:33.619+0545 [DEBUG] [org.gradle.tooling.internal.provider.FileSystemWatchingBuildActionRunner] Watching the file system computed to be enabled if available
2026-05-01T12:19:33.619+0545 [DEBUG] [org.gradle.internal.operations.DefaultBuildOperationRunner] Build operation 'Build started for file system watching' started
2026-05-01T12:19:33.620+0545 [DEBUG] [org.gradle.internal.watch.vfs.impl.DefaultWatchableFileSystemDetector] Detected NTFS: C:\ from \Device\HarddiskVolume3 (remote: false)
2026-05-01T12:19:33.620+0545 [DEBUG] [org.gradle.internal.watch.vfs.impl.DefaultWatchableFileSystemDetector] Detected NTFS: D:\ from \Device\HarddiskVolume4 (remote: false)
2026-05-01T12:19:33.620+0545 [DEBUG] [org.gradle.internal.watch.vfs.impl.DefaultWatchableFileSystemDetector] Detected NTFS: E:\ from \Device\HarddiskVolume6 (remote: false)
2026-05-01T12:19:33.620+0545 [DEBUG] [org.gradle.internal.operations.DefaultBuildOperationRunner] Completing Build operation 'Build started for file system watching'
2026-05-01T12:19:33.620+0545 [DEBUG] [org.gradle.internal.operations.DefaultBuildOperationRunner] Build operation 'Build started for file system watching' completed
2026-05-01T12:19:33.620+0545 [INFO] [org.gradle.tooling.internal.provider.FileSystemWatchingBuildActionRunner] File system watching is active
2026-05-01T12:19:33.620+0545 [DEBUG] [org.gradle.internal.operations.DefaultBuildOperationRunner] Build operation 'Load build' started
2026-05-01T12:19:33.621+0545 [DEBUG] [org.gradle.initialization.properties.DefaultProjectPropertiesLoader] Found env project properties: []
2026-05-01T12:19:33.621+0545 [DEBUG] [org.gradle.initialization.properties.DefaultProjectPropertiesLoader] Found system project properties: []
2026-05-01T12:19:33.621+0545 [DEBUG] [org.gradle.initialization.DefaultSettingsLoader] Loading build definition for build: ':'
2026-05-01T12:19:33.622+0545 [DEBUG] [org.gradle.internal.operations.DefaultBuildOperationRunner] Build operation 'Evaluate settings' started
2026-05-01T12:19:33.623+0545 [INFO] [org.gradle.internal.buildevents.BuildLogger] Starting Build
2026-05-01T12:19:33.623+0545 [DEBUG] [org.gradle.internal.buildevents.BuildLogger] Gradle user home: E:\.gradle
2026-05-01T12:19:33.623+0545 [DEBUG] [org.gradle.internal.buildevents.BuildLogger] Current dir: D:\CODES\shadrrr
2026-05-01T12:19:33.623+0545 [DEBUG] [org.gradle.internal.buildevents.BuildLogger] Settings file: null
2026-05-01T12:19:33.623+0545 [DEBUG] [org.gradle.internal.buildevents.BuildLogger] Build file: null
2026-05-01T12:19:33.624+0545 [DEBUG] [org.gradle.internal.operations.DefaultBuildOperationRunner] Build operation 'Apply settings file 'settings.gradle' to settings 'shadrrr'' started
2026-05-01T12:19:33.625+0545 [DEBUG] [org.gradle.cache.internal.DefaultCacheCoordinator] Creating new cache for md5-checksums, path D:\CODES\shadrrr\.gradle\8.12.1\checksums\md5-checksums.bin, access org.gradle.cache.internal.DefaultCacheCoordinator@5923e4cd
2026-05-01T12:19:33.626+0545 [DEBUG] [org.gradle.cache.internal.LockOnDemandCrossProcessCacheAccess] Acquiring file lock for checksums cache (D:\CODES\shadrrr\.gradle\8.12.1\checksums)
2026-05-01T12:19:33.633+0545 [DEBUG] [org.gradle.cache.internal.DefaultFileLockManager] Waiting to acquire exclusive lock on checksums cache (D:\CODES\shadrrr\.gradle\8.12.1\checksums).
2026-05-01T12:19:33.633+0545 [DEBUG] [org.gradle.cache.internal.DefaultFileLockManager] The file lock for checksums cache (D:\CODES\shadrrr\.gradle\8.12.1\checksums) is held by a different Gradle process (pid: 24920, lockId: -8300811083705336766). Pinged owner at port 62092
2026-05-01T12:19:33.634+0545 [DEBUG] [org.gradle.cache.internal.locklistener.DefaultFileLockContentionHandler] Gradle process at port 62092 confirmed unlock request for lock with id -8300811083705336766.
2026-05-01T12:19:33.634+0545 [DEBUG] [org.gradle.cache.internal.locklistener.DefaultFileLockContentionHandler] Gradle process at port 62092 confirmed lock release for lock with id -8300811083705336766.
2026-05-01T12:19:33.634+0545 [DEBUG] [org.gradle.cache.internal.locklistener.DefaultFileLockContentionHandler] Triggering lock release signal for lock with id -8300811083705336766.
2026-05-01T12:19:33.635+0545 [DEBUG] [org.gradle.cache.internal.DefaultFileLockManager] Lock acquired on checksums cache (D:\CODES\shadrrr\.gradle\8.12.1\checksums).
2026-05-01T12:19:33.635+0545 [INFO] [org.gradle.cache.internal.InMemoryDecoratedCache] Invalidating in-memory cache of D:\CODES\shadrrr\.gradle\8.12.1\checksums\md5-checksums.bin
2026-05-01T12:19:33.635+0545 [DEBUG] [org.gradle.cache.internal.DefaultCacheCoordinator] Creating new cache for sha1-checksums, path D:\CODES\shadrrr\.gradle\8.12.1\checksums\sha1-checksums.bin, access org.gradle.cache.internal.DefaultCacheCoordinator@5923e4cd
2026-05-01T12:19:33.635+0545 [INFO] [org.gradle.cache.internal.InMemoryDecoratedCache] Invalidating in-memory cache of D:\CODES\shadrrr\.gradle\8.12.1\checksums\sha1-checksums.bin
2026-05-01T12:19:33.635+0545 [DEBUG] [org.gradle.cache.internal.DefaultCacheCoordinator] Creating new cache for sha256-checksums, path D:\CODES\shadrrr\.gradle\8.12.1\checksums\sha256-checksums.bin, access org.gradle.cache.internal.DefaultCacheCoordinator@5923e4cd
2026-05-01T12:19:33.635+0545 [INFO] [org.gradle.cache.internal.InMemoryDecoratedCache] Invalidating in-memory cache of D:\CODES\shadrrr\.gradle\8.12.1\checksums\sha256-checksums.bin
2026-05-01T12:19:33.635+0545 [DEBUG] [org.gradle.cache.internal.DefaultCacheCoordinator] Creating new cache for sha512-checksums, path D:\CODES\shadrrr\.gradle\8.12.1\checksums\sha512-checksums.bin, access org.gradle.cache.internal.DefaultCacheCoordinator@5923e4cd
2026-05-01T12:19:33.635+0545 [INFO] [org.gradle.cache.internal.InMemoryDecoratedCache] Invalidating in-memory cache of D:\CODES\shadrrr\.gradle\8.12.1\checksums\sha512-checksums.bin
2026-05-01T12:19:33.637+0545 [DEBUG] [org.gradle.cache.internal.DefaultCacheCoordinator] Creating new cache for workingDirs, path D:\CODES\shadrrr\.gradle\8.12.1\vcsMetadata\workingDirs.bin, access org.gradle.cache.internal.DefaultCacheCoordinator@4c738b79
2026-05-01T12:19:33.637+0545 [DEBUG] [org.gradle.api.internal.artifacts.mvnsettings.DefaultLocalMavenRepositoryLocator] No local repository in Settings file defined. Using default path: C:\Users\LOQ\.m2\repository
2026-05-01T12:19:33.639+0545 [DEBUG] [org.gradle.cache.internal.DefaultCacheCoordinator] Creating new cache for md-rule, path E:\.gradle\caches\8.12.1\md-rule\md-rule.bin, access org.gradle.cache.internal.DefaultCacheCoordinator@506ca568
2026-05-01T12:19:33.639+0545 [DEBUG] [org.gradle.cache.internal.LockOnDemandCrossProcessCacheAccess] Acquiring file lock for cache directory md-rule (E:\.gradle\caches\8.12.1\md-rule)
2026-05-01T12:19:33.646+0545 [DEBUG] [org.gradle.cache.internal.DefaultFileLockManager] Waiting to acquire exclusive lock on cache directory md-rule (E:\.gradle\caches\8.12.1\md-rule).
2026-05-01T12:19:33.646+0545 [DEBUG] [org.gradle.cache.internal.DefaultFileLockManager] Lock acquired on cache directory md-rule (E:\.gradle\caches\8.12.1\md-rule).
2026-05-01T12:19:33.647+0545 [DEBUG] [org.gradle.cache.internal.DefaultCacheCoordinator] Creating new cache for md-supplier, path E:\.gradle\caches\8.12.1\md-supplier\md-supplier.bin, access org.gradle.cache.internal.DefaultCacheCoordinator@26e583ba
2026-05-01T12:19:33.647+0545 [DEBUG] [org.gradle.cache.internal.LockOnDemandCrossProcessCacheAccess] Acquiring file lock for cache directory md-supplier (E:\.gradle\caches\8.12.1\md-supplier)
2026-05-01T12:19:33.655+0545 [DEBUG] [org.gradle.cache.internal.DefaultFileLockManager] Waiting to acquire exclusive lock on cache directory md-supplier (E:\.gradle\caches\8.12.1\md-supplier).
2026-05-01T12:19:33.655+0545 [DEBUG] [org.gradle.cache.internal.DefaultFileLockManager] Lock acquired on cache directory md-supplier (E:\.gradle\caches\8.12.1\md-supplier).
2026-05-01T12:19:33.657+0545 [DEBUG] [org.gradle.internal.operations.DefaultBuildOperationRunner] Completing Build operation 'Apply settings file 'settings.gradle' to settings 'shadrrr''
2026-05-01T12:19:33.657+0545 [DEBUG] [org.gradle.internal.operations.DefaultBuildOperationRunner] Build operation 'Apply settings file 'settings.gradle' to settings 'shadrrr'' completed
2026-05-01T12:19:33.657+0545 [DEBUG] [org.gradle.initialization.ScriptEvaluatingSettingsProcessor] Timing: Processing settings took: 0.035 secs
2026-05-01T12:19:33.657+0545 [INFO] [org.gradle.internal.buildevents.BuildLogger] Settings evaluated using settings file 'D:\CODES\shadrrr\settings.gradle'.
2026-05-01T12:19:33.658+0545 [DEBUG] [org.gradle.internal.locking.LockFileReaderWriter] Lockfiles root: D:\CODES\shadrrr\gradle\dependency-locks
2026-05-01T12:19:33.658+0545 [DEBUG] [org.gradle.caching.configuration.internal.DefaultBuildCacheConfiguration] Found class org.gradle.caching.local.internal.DirectoryBuildCacheServiceFactory registered for class org.gradle.caching.local.DirectoryBuildCache
2026-05-01T12:19:33.659+0545 [DEBUG] [org.gradle.internal.operations.DefaultBuildOperationRunner] Build operation 'Finalize build cache configuration' started
2026-05-01T12:19:33.659+0545 [DEBUG] [org.gradle.internal.operations.DefaultBuildOperationRunner] Completing Build operation 'Finalize build cache configuration'
2026-05-01T12:19:33.659+0545 [DEBUG] [org.gradle.internal.operations.DefaultBuildOperationRunner] Build operation 'Finalize build cache configuration' completed
2026-05-01T12:19:33.659+0545 [DEBUG] [org.gradle.internal.operations.DefaultBuildOperationRunner] Completing Build operation 'Evaluate settings'
2026-05-01T12:19:33.659+0545 [DEBUG] [org.gradle.internal.operations.DefaultBuildOperationRunner] Build operation 'Evaluate settings' completed
2026-05-01T12:19:33.659+0545 [DEBUG] [org.gradle.internal.operations.DefaultBuildOperationRunner] Completing Build operation 'Load build'
2026-05-01T12:19:33.659+0545 [DEBUG] [org.gradle.internal.operations.DefaultBuildOperationRunner] Build operation 'Load build' completed
2026-05-01T12:19:33.659+0545 [DEBUG] [org.gradle.internal.operations.DefaultBuildOperationRunner] Build operation 'Configure build' started
2026-05-01T12:19:33.659+0545 [DEBUG] [org.gradle.internal.operations.DefaultBuildOperationRunner] Build operation 'Load projects' started
2026-05-01T12:19:33.660+0545 [DEBUG] [org.gradle.initialization.ProjectPropertySettingBuildLoader] Looking for project properties from: D:\CODES\shadrrr\gradle.properties
2026-05-01T12:19:33.661+0545 [DEBUG] [org.gradle.initialization.ProjectPropertySettingBuildLoader] Adding project properties (if not overwritten by user properties): [glsl_transformer_version, yarn_mappings, org.gradle.parallel, minecraft_version, iris_version, org.gradle.jvmargs, fabric_loader_version, fabric_api_version, loom_version, archives_name, sodium_version, mod_version, antlr4_runtime_version, jcpp_version, maven_group]
2026-05-01T12:19:33.661+0545 [DEBUG] [org.gradle.internal.operations.DefaultBuildOperationRunner] Completing Build operation 'Load projects'
2026-05-01T12:19:33.661+0545 [DEBUG] [org.gradle.internal.operations.DefaultBuildOperationRunner] Build operation 'Load projects' completed
2026-05-01T12:19:33.661+0545 [DEBUG] [org.gradle.internal.operations.DefaultBuildOperationRunner] Build operation 'Notify projectsLoaded listeners' started
2026-05-01T12:19:33.661+0545 [INFO] [org.gradle.internal.buildevents.BuildLogger] Projects loaded. Root project using build file 'D:\CODES\shadrrr\build.gradle'.
2026-05-01T12:19:33.661+0545 [INFO] [org.gradle.internal.buildevents.BuildLogger] Included projects: [root project 'minecraft-shader-template']
2026-05-01T12:19:33.662+0545 [DEBUG] [org.gradle.internal.operations.DefaultBuildOperationRunner] Completing Build operation 'Notify projectsLoaded listeners'
2026-05-01T12:19:33.662+0545 [DEBUG] [org.gradle.internal.operations.DefaultBuildOperationRunner] Build operation 'Notify projectsLoaded listeners' completed
2026-05-01T12:19:33.662+0545 [DEBUG] [org.gradle.internal.operations.DefaultBuildOperationRunner] Build operation 'Configure project :' started
2026-05-01T12:19:33.662+0545 [DEBUG] [org.gradle.internal.operations.DefaultBuildOperationRunner] Build operation 'Notify beforeEvaluate listeners of :' started
2026-05-01T12:19:33.662+0545 [DEBUG] [org.gradle.internal.operations.DefaultBuildOperationRunner] Completing Build operation 'Notify beforeEvaluate listeners of :'
2026-05-01T12:19:33.663+0545 [DEBUG] [org.gradle.internal.operations.DefaultBuildOperationRunner] Build operation 'Apply plugin org.gradle.help-tasks to root project 'minecraft-shader-template'' started
2026-05-01T12:19:33.663+0545 [DEBUG] [org.gradle.internal.operations.DefaultBuildOperationRunner] Build operation 'Register task :help' started
2026-05-01T12:19:33.663+0545 [DEBUG] [org.gradle.internal.operations.DefaultBuildOperationRunner] Completing Build operation 'Register task :help'
2026-05-01T12:19:33.663+0545 [DEBUG] [org.gradle.internal.operations.DefaultBuildOperationRunner] Build operation 'Register task :projects' started
2026-05-01T12:19:33.663+0545 [DEBUG] [org.gradle.internal.operations.DefaultBuildOperationRunner] Completing Build operation 'Register task :projects'
2026-05-01T12:19:33.664+0545 [DEBUG] [org.gradle.internal.operations.DefaultBuildOperationRunner] Build operation 'Register task :tasks' started
2026-05-01T12:19:33.664+0545 [DEBUG] [org.gradle.internal.operations.DefaultBuildOperationRunner] Completing Build operation 'Register task :tasks'
2026-05-01T12:19:33.664+0545 [DEBUG] [org.gradle.internal.operations.DefaultBuildOperationRunner] Build operation 'Register task :properties' started
2026-05-01T12:19:33.664+0545 [DEBUG] [org.gradle.internal.operations.DefaultBuildOperationRunner] Completing Build operation 'Register task :properties'
2026-05-01T12:19:33.664+0545 [DEBUG] [org.gradle.internal.operations.DefaultBuildOperationRunner] Build operation 'Register task :dependencyInsight' started
2026-05-01T12:19:33.664+0545 [DEBUG] [org.gradle.internal.operations.DefaultBuildOperationRunner] Completing Build operation 'Register task :dependencyInsight'
2026-05-01T12:19:33.664+0545 [DEBUG] [org.gradle.internal.operations.DefaultBuildOperationRunner] Build operation 'Register task :dependencies' started
2026-05-01T12:19:33.664+0545 [DEBUG] [org.gradle.internal.operations.DefaultBuildOperationRunner] Completing Build operation 'Register task :dependencies'
2026-05-01T12:19:33.664+0545 [DEBUG] [org.gradle.internal.operations.DefaultBuildOperationRunner] Build operation 'Register task :buildEnvironment' started
2026-05-01T12:19:33.664+0545 [DEBUG] [org.gradle.internal.operations.DefaultBuildOperationRunner] Completing Build operation 'Register task :buildEnvironment'
2026-05-01T12:19:33.665+0545 [DEBUG] [org.gradle.internal.operations.DefaultBuildOperationRunner] Build operation 'Register task :components' started
2026-05-01T12:19:33.665+0545 [DEBUG] [org.gradle.internal.operations.DefaultBuildOperationRunner] Completing Build operation 'Register task :components'
2026-05-01T12:19:33.665+0545 [DEBUG] [org.gradle.internal.operations.DefaultBuildOperationRunner] Build operation 'Register task :model' started
2026-05-01T12:19:33.665+0545 [DEBUG] [org.gradle.internal.operations.DefaultBuildOperationRunner] Completing Build operation 'Register task :model'
2026-05-01T12:19:33.665+0545 [DEBUG] [org.gradle.internal.operations.DefaultBuildOperationRunner] Build operation 'Register task :dependentComponents' started
2026-05-01T12:19:33.665+0545 [DEBUG] [org.gradle.internal.operations.DefaultBuildOperationRunner] Completing Build operation 'Register task :dependentComponents'
2026-05-01T12:19:33.665+0545 [DEBUG] [org.gradle.internal.operations.DefaultBuildOperationRunner] Build operation 'Register task :outgoingVariants' started
2026-05-01T12:19:33.665+0545 [DEBUG] [org.gradle.internal.operations.DefaultBuildOperationRunner] Completing Build operation 'Register task :outgoingVariants'
2026-05-01T12:19:33.665+0545 [DEBUG] [org.gradle.internal.operations.DefaultBuildOperationRunner] Build operation 'Register task :resolvableConfigurations' started
2026-05-01T12:19:33.665+0545 [DEBUG] [org.gradle.internal.operations.DefaultBuildOperationRunner] Completing Build operation 'Register task :resolvableConfigurations'
2026-05-01T12:19:33.665+0545 [DEBUG] [org.gradle.internal.operations.DefaultBuildOperationRunner] Completing Build operation 'Apply plugin org.gradle.help-tasks to root project 'minecraft-shader-template''
2026-05-01T12:19:33.665+0545 [DEBUG] [org.gradle.internal.operations.DefaultBuildOperationRunner] Build operation 'Register task :javaToolchains' started
2026-05-01T12:19:33.666+0545 [DEBUG] [org.gradle.internal.operations.DefaultBuildOperationRunner] Completing Build operation 'Register task :javaToolchains'
2026-05-01T12:19:33.666+0545 [DEBUG] [org.gradle.internal.operations.DefaultBuildOperationRunner] Build operation 'Register task :prepareKotlinBuildScriptModel' started
2026-05-01T12:19:33.666+0545 [DEBUG] [org.gradle.internal.operations.DefaultBuildOperationRunner] Completing Build operation 'Register task :prepareKotlinBuildScriptModel'
2026-05-01T12:19:33.666+0545 [DEBUG] [org.gradle.internal.operations.DefaultBuildOperationRunner] Build operation 'Register task :updateDaemonJvm' started
2026-05-01T12:19:33.666+0545 [DEBUG] [org.gradle.internal.operations.DefaultBuildOperationRunner] Completing Build operation 'Register task :updateDaemonJvm'
2026-05-01T12:19:33.667+0545 [DEBUG] [org.gradle.internal.operations.DefaultBuildOperationRunner] Build operation 'Apply plugin org.gradle.build-init to root project 'minecraft-shader-template'' started
2026-05-01T12:19:33.667+0545 [DEBUG] [org.gradle.internal.operations.DefaultBuildOperationRunner] Build operation 'Register task :init' started
2026-05-01T12:19:33.667+0545 [DEBUG] [org.gradle.internal.operations.DefaultBuildOperationRunner] Completing Build operation 'Register task :init'
2026-05-01T12:19:33.667+0545 [DEBUG] [org.gradle.internal.operations.DefaultBuildOperationRunner] Completing Build operation 'Apply plugin org.gradle.build-init to root project 'minecraft-shader-template''
2026-05-01T12:19:33.667+0545 [DEBUG] [org.gradle.internal.operations.DefaultBuildOperationRunner] Build operation 'Apply plugin org.gradle.wrapper to root project 'minecraft-shader-template'' started
2026-05-01T12:19:33.668+0545 [DEBUG] [org.gradle.internal.operations.DefaultBuildOperationRunner] Build operation 'Register task :wrapper' started
2026-05-01T12:19:33.668+0545 [DEBUG] [org.gradle.internal.operations.DefaultBuildOperationRunner] Completing Build operation 'Register task :wrapper'
2026-05-01T12:19:33.668+0545 [DEBUG] [org.gradle.internal.operations.DefaultBuildOperationRunner] Completing Build operation 'Apply plugin org.gradle.wrapper to root project 'minecraft-shader-template''
2026-05-01T12:19:33.668+0545 [DEBUG] [org.gradle.internal.operations.DefaultBuildOperationRunner] Build operation 'Apply build file 'build.gradle' to root project 'minecraft-shader-template'' started
2026-05-01T12:19:33.676+0545 [DEBUG] [org.gradle.internal.operations.DefaultBuildOperationRunner] Build operation 'Resolve dependencies of classpath' started
2026-05-01T12:19:33.685+0545 [DEBUG] [org.gradle.cache.internal.locklistener.DefaultFileLockContentionHandler] Gradle process at port 62092 confirmed unlock request for lock with id -6086671160241786115.
2026-05-01T12:19:33.686+0545 [DEBUG] [org.gradle.cache.internal.locklistener.DefaultFileLockContentionHandler] Gradle process at port 62092 confirmed lock release for lock with id -6086671160241786115.
2026-05-01T12:19:33.686+0545 [DEBUG] [org.gradle.cache.internal.locklistener.DefaultFileLockContentionHandler] Triggering lock release signal for lock with id -6086671160241786115.
2026-05-01T12:19:33.690+0545 [DEBUG] [org.gradle.internal.operations.DefaultBuildOperationRunner] Completing Build operation 'Resolve dependencies of classpath'
2026-05-01T12:19:33.692+0545 [DEBUG] [org.gradle.internal.operations.DefaultBuildOperationRunner] Completing Build operation 'Apply build file 'build.gradle' to root project 'minecraft-shader-template''
2026-05-01T12:19:33.692+0545 [DEBUG] [org.gradle.internal.operations.DefaultBuildOperationRunner] Build operation 'Notify afterEvaluate listeners of :' started
2026-05-01T12:19:33.692+0545 [DEBUG] [org.gradle.internal.operations.DefaultBuildOperationRunner] Completing Build operation 'Notify afterEvaluate listeners of :'
2026-05-01T12:19:33.662+0545 [LIFECYCLE] [org.gradle.internal.logging.progress.ProgressLoggerFactory] 
2026-05-01T12:19:33.662+0545 [LIFECYCLE] [org.gradle.internal.logging.progress.ProgressLoggerFactory] > Configure project :
2026-05-01T12:19:33.662+0545 [DEBUG] [org.gradle.internal.resources.AbstractTrackedResourceLock] Daemon worker Thread 2: acquired lock on state of project :
2026-05-01T12:19:33.662+0545 [DEBUG] [org.gradle.internal.operations.DefaultBuildOperationRunner] Build operation 'Notify beforeEvaluate listeners of :' completed
2026-05-01T12:19:33.663+0545 [DEBUG] [org.gradle.model.internal.registry.DefaultModelRegistry] Project : - Transitioning model element '<root>' from state Registered to Created
2026-05-01T12:19:33.663+0545 [DEBUG] [org.gradle.model.internal.registry.DefaultModelRegistry] Project : - Transitioning model element '<root>' to state Discovered.
2026-05-01T12:19:33.663+0545 [DEBUG] [org.gradle.model.internal.registry.DefaultModelRegistry] Project : - Transitioning model element '<root>' to state Created.
2026-05-01T12:19:33.663+0545 [DEBUG] [org.gradle.internal.operations.DefaultBuildOperationRunner] Build operation 'Register task :help' completed
2026-05-01T12:19:33.663+0545 [DEBUG] [org.gradle.internal.operations.DefaultBuildOperationRunner] Build operation 'Register task :projects' completed
2026-05-01T12:19:33.664+0545 [DEBUG] [org.gradle.internal.operations.DefaultBuildOperationRunner] Build operation 'Register task :tasks' completed
2026-05-01T12:19:33.664+0545 [DEBUG] [org.gradle.internal.operations.DefaultBuildOperationRunner] Build operation 'Register task :properties' completed
2026-05-01T12:19:33.664+0545 [DEBUG] [org.gradle.internal.operations.DefaultBuildOperationRunner] Build operation 'Register task :dependencyInsight' completed
2026-05-01T12:19:33.664+0545 [DEBUG] [org.gradle.internal.operations.DefaultBuildOperationRunner] Build operation 'Register task :dependencies' completed
2026-05-01T12:19:33.665+0545 [DEBUG] [org.gradle.internal.operations.DefaultBuildOperationRunner] Build operation 'Register task :buildEnvironment' completed
2026-05-01T12:19:33.665+0545 [DEBUG] [org.gradle.internal.operations.DefaultBuildOperationRunner] Build operation 'Register task :components' completed
2026-05-01T12:19:33.665+0545 [DEBUG] [org.gradle.internal.operations.DefaultBuildOperationRunner] Build operation 'Register task :model' completed
2026-05-01T12:19:33.665+0545 [DEBUG] [org.gradle.internal.operations.DefaultBuildOperationRunner] Build operation 'Register task :dependentComponents' completed
2026-05-01T12:19:33.665+0545 [DEBUG] [org.gradle.internal.operations.DefaultBuildOperationRunner] Build operation 'Register task :outgoingVariants' completed
2026-05-01T12:19:33.665+0545 [DEBUG] [org.gradle.internal.operations.DefaultBuildOperationRunner] Build operation 'Register task :resolvableConfigurations' completed
2026-05-01T12:19:33.665+0545 [DEBUG] [org.gradle.internal.operations.DefaultBuildOperationRunner] Build operation 'Apply plugin org.gradle.help-tasks to root project 'minecraft-shader-template'' completed
2026-05-01T12:19:33.666+0545 [DEBUG] [org.gradle.internal.operations.DefaultBuildOperationRunner] Build operation 'Register task :javaToolchains' completed
2026-05-01T12:19:33.666+0545 [DEBUG] [org.gradle.internal.operations.DefaultBuildOperationRunner] Build operation 'Register task :prepareKotlinBuildScriptModel' completed
2026-05-01T12:19:33.666+0545 [DEBUG] [org.gradle.internal.operations.DefaultBuildOperationRunner] Build operation 'Register task :updateDaemonJvm' completed
2026-05-01T12:19:33.667+0545 [DEBUG] [org.gradle.internal.operations.DefaultBuildOperationRunner] Build operation 'Register task :init' completed
2026-05-01T12:19:33.667+0545 [DEBUG] [org.gradle.internal.operations.DefaultBuildOperationRunner] Build operation 'Apply plugin org.gradle.build-init to root project 'minecraft-shader-template'' completed
2026-05-01T12:19:33.668+0545 [DEBUG] [org.gradle.internal.operations.DefaultBuildOperationRunner] Build operation 'Register task :wrapper' completed
2026-05-01T12:19:33.668+0545 [DEBUG] [org.gradle.internal.operations.DefaultBuildOperationRunner] Build operation 'Apply plugin org.gradle.wrapper to root project 'minecraft-shader-template'' completed
2026-05-01T12:19:33.668+0545 [INFO] [org.gradle.configuration.project.BuildScriptProcessor] Evaluating root project 'minecraft-shader-template' using build file 'D:\CODES\shadrrr\build.gradle'.
2026-05-01T12:19:33.672+0545 [DEBUG] [org.gradle.internal.locking.LockFileReaderWriter] Lockfiles root: D:\CODES\shadrrr\gradle\dependency-locks
2026-05-01T12:19:33.674+0545 [DEBUG] [org.gradle.api.internal.artifacts.ivyservice.resolveengine.graph.builder.DependencyGraphBuilder] Visiting configuration :minecraft-shader-template:unspecified(classpath).
2026-05-01T12:19:33.674+0545 [DEBUG] [org.gradle.api.internal.artifacts.ivyservice.resolveengine.graph.builder.NodeState] dependency: net.fabricmc:fabric-loom:1.10.5 to-conf: null is filtered.
2026-05-01T12:19:33.675+0545 [DEBUG] [org.gradle.api.internal.artifacts.ivyservice.resolveengine.graph.builder.NodeState] dependency: org.apache.logging.log4j:log4j-core:{require 2.17.1; reject [2.0, 2.17.1)} to-conf: null is filtered.
2026-05-01T12:19:33.677+0545 [DEBUG] [org.gradle.api.internal.artifacts.ivyservice.modulecache.ResolvedArtifactCaches] Creating new in-memory cache for repo 'Fabric' [c5f7e3fe759bfc29dcb6fc6baddbbc5f].
2026-05-01T12:19:33.678+0545 [DEBUG] [org.gradle.api.internal.artifacts.ivyservice.modulecache.ResolvedArtifactCaches] Creating new in-memory cache for repo 'MavenRepo' [26c913274550a0b2221f47a0fe2d2358].
2026-05-01T12:19:33.678+0545 [DEBUG] [org.gradle.api.internal.artifacts.ivyservice.resolveengine.graph.builder.DependencyGraphBuilder] Visiting configuration :minecraft-shader-template:unspecified(classpath).
2026-05-01T12:19:33.678+0545 [DEBUG] [org.gradle.cache.internal.LockOnDemandCrossProcessCacheAccess] Acquiring file lock for artifact cache (E:\.gradle\caches\modules-2)
2026-05-01T12:19:33.685+0545 [DEBUG] [org.gradle.cache.internal.DefaultFileLockManager] Waiting to acquire exclusive lock on artifact cache (E:\.gradle\caches\modules-2).
2026-05-01T12:19:33.685+0545 [DEBUG] [org.gradle.cache.internal.DefaultFileLockManager] The file lock for artifact cache (E:\.gradle\caches\modules-2) is held by a different Gradle process (pid: 24920, lockId: -6086671160241786115). Pinged owner at port 62092
2026-05-01T12:19:33.686+0545 [DEBUG] [org.gradle.cache.internal.DefaultFileLockManager] Lock acquired on artifact cache (E:\.gradle\caches\modules-2).
2026-05-01T12:19:33.686+0545 [DEBUG] [org.gradle.cache.internal.btree.BTreePersistentIndexedCache] Opening cache module-metadata.bin (E:\.gradle\caches\modules-2\metadata-2.107\module-metadata.bin)
2026-05-01T12:19:33.688+0545 [DEBUG] [org.gradle.api.internal.artifacts.ivyservice.ivyresolve.RepositoryChainComponentMetaDataResolver] Attempting to resolve component for net.fabricmc:fabric-loom:1.10.5 using repositories [Fabric, MavenRepo]
2026-05-01T12:19:33.688+0545 [DEBUG] [org.gradle.api.internal.artifacts.ivyservice.ivyresolve.CachingModuleComponentRepository] Using cached module metadata for module 'net.fabricmc:fabric-loom:1.10.5' in 'Fabric'
2026-05-01T12:19:33.688+0545 [DEBUG] [org.gradle.api.internal.artifacts.ivyservice.ivyresolve.RepositoryChainComponentMetaDataResolver] Using net.fabricmc:fabric-loom:1.10.5 from Maven repository 'Fabric'
2026-05-01T12:19:33.689+0545 [DEBUG] [org.gradle.internal.component.model.LoggingAttributeMatchingExplanationBuilder] Candidate {org.gradle.category=library, org.gradle.dependency.bundling=external, org.gradle.jvm.environment=standard-jvm, org.gradle.jvm.version=17, org.gradle.libraryelements=jar, org.gradle.plugin.api-version=8.12, org.gradle.status=release, org.gradle.usage=java-api, org.jetbrains.kotlin.platform.type=jvm} attribute org.gradle.usage value {org.gradle.category=library, org.gradle.dependency.bundling=external, org.gradle.jvm.environment=standard-jvm, org.gradle.jvm.version=17, org.gradle.libraryelements=jar, org.gradle.plugin.api-version=8.12, org.gradle.usage=java-api} doesn't requested value java-runtime
2026-05-01T12:19:33.689+0545 [DEBUG] [org.gradle.internal.component.model.LoggingAttributeMatchingExplanationBuilder] Candidate {org.gradle.category=library, org.gradle.dependency.bundling=external, org.gradle.jvm.environment=standard-jvm, org.gradle.jvm.version=17, org.gradle.libraryelements=jar, org.gradle.plugin.api-version=8.12, org.gradle.status=release, org.gradle.usage=java-runtime, org.jetbrains.kotlin.platform.type=jvm} attribute org.gradle.jvm.version value {org.gradle.category=library, org.gradle.dependency.bundling=external, org.gradle.jvm.environment=standard-jvm, org.gradle.jvm.version=17} doesn't requested value 8
2026-05-01T12:19:33.689+0545 [DEBUG] [org.gradle.internal.component.model.LoggingAttributeMatchingExplanationBuilder] Candidate {org.gradle.category=documentation, org.gradle.dependency.bundling=external, org.gradle.docstype=sources, org.gradle.plugin.api-version=8.12, org.gradle.status=release, org.gradle.usage=java-runtime} attribute org.gradle.category value {org.gradle.category=documentation} doesn't requested value library
2026-05-01T12:19:33.689+0545 [DEBUG] [org.gradle.api.internal.attributes.matching.DefaultAttributeMatcher] Selected matches [] from candidates [{org.gradle.category=library, org.gradle.dependency.bundling=external, org.gradle.jvm.environment=standard-jvm, org.gradle.jvm.version=17, org.gradle.libraryelements=jar, org.gradle.plugin.api-version=8.12, org.gradle.status=release, org.gradle.usage=java-api, org.jetbrains.kotlin.platform.type=jvm}, {org.gradle.category=library, org.gradle.dependency.bundling=external, org.gradle.jvm.environment=standard-jvm, org.gradle.jvm.version=17, org.gradle.libraryelements=jar, org.gradle.plugin.api-version=8.12, org.gradle.status=release, org.gradle.usage=java-runtime, org.jetbrains.kotlin.platform.type=jvm}, {org.gradle.category=documentation, org.gradle.dependency.bundling=external, org.gradle.docstype=sources, org.gradle.plugin.api-version=8.12, org.gradle.status=release, org.gradle.usage=java-runtime}] for {org.gradle.category=library, org.gradle.dependency.bundling=external, org.gradle.jvm.version=8, org.gradle.libraryelements=jar, org.gradle.plugin.api-version=8.12.1, org.gradle.usage=java-runtime}
2026-05-01T12:19:33.689+0545 [INFO] [org.gradle.internal.component.resolution.failure.exception.AbstractResolutionFailureException] Variant Selection Exception: org.gradle.internal.component.resolution.failure.exception.VariantSelectionByAttributesException caused by Resolution Failure: org.gradle.internal.component.resolution.failure.type.NoCompatibleVariantsFailure
2026-05-01T12:19:33.690+0545 [DEBUG] [org.gradle.api.internal.artifacts.ivyservice.resolveengine.oldresult.TransientConfigurationResultsBuilder] Flushing resolved configuration data in Binary store in E:\.gradle\.tmp\gradle4015833545402592423.bin. Wrote root 5.
2026-05-01T12:19:33.690+0545 [DEBUG] [org.gradle.internal.operations.DefaultBuildOperationRunner] Build operation 'Resolve dependencies of classpath' completed
2026-05-01T12:19:33.692+0545 [DEBUG] [org.gradle.internal.operations.DefaultBuildOperationRunner] Build operation 'Apply build file 'build.gradle' to root project 'minecraft-shader-template'' completed
2026-05-01T12:19:33.692+0545 [DEBUG] [org.gradle.configuration.project.BuildScriptProcessor] Timing: Running the build script took 0.024 secs
2026-05-01T12:19:33.692+0545 [DEBUG] [org.gradle.internal.operations.DefaultBuildOperationRunner] Build operation 'Notify afterEvaluate listeners of :' completed
2026-05-01T12:19:33.692+0545 [DEBUG] [org.gradle.internal.resources.AbstractTrackedResourceLock] Daemon worker Thread 2: released lock on state of project :
2026-05-01T12:19:33.693+0545 [DEBUG] [org.gradle.internal.operations.DefaultBuildOperationRunner] Completing Build operation 'Configure project :'
2026-05-01T12:19:33.693+0545 [DEBUG] [org.gradle.internal.operations.DefaultBuildOperationRunner] Build operation 'Configure project :' completed
2026-05-01T12:19:33.693+0545 [DEBUG] [org.gradle.internal.operations.DefaultBuildOperationRunner] Completing Build operation 'Configure build'
2026-05-01T12:19:33.693+0545 [DEBUG] [org.gradle.internal.operations.DefaultBuildOperationRunner] Build operation 'Configure build' completed
2026-05-01T12:19:33.693+0545 [DEBUG] [org.gradle.internal.operations.DefaultBuildOperationRunner] Build operation 'Finish root build tree' started
2026-05-01T12:19:33.695+0545 [DEBUG] [org.gradle.internal.operations.DefaultBuildOperationRunner] Completing Build operation 'Finish root build tree'
2026-05-01T12:19:33.695+0545 [DEBUG] [org.gradle.internal.operations.DefaultBuildOperationRunner] Build operation 'Finish root build tree' completed
2026-05-01T12:19:33.699+0545 [WARN] [org.gradle.problems.internal.impl.DefaultProblemsReportCreator] 
[Incubating] Problems report is available at: file:///D:/CODES/shadrrr/build/reports/problems/problems-report.html
2026-05-01T12:19:33.700+0545 [ERROR] [org.gradle.internal.buildevents.BuildExceptionReporter] 
2026-05-01T12:19:33.700+0545 [ERROR] [org.gradle.internal.buildevents.BuildExceptionReporter] FAILURE: Build failed with an exception.
2026-05-01T12:19:33.700+0545 [ERROR] [org.gradle.internal.buildevents.BuildExceptionReporter] 
2026-05-01T12:19:33.700+0545 [ERROR] [org.gradle.internal.buildevents.BuildExceptionReporter] * What went wrong:
2026-05-01T12:19:33.700+0545 [ERROR] [org.gradle.internal.buildevents.BuildExceptionReporter] A problem occurred configuring root project 'minecraft-shader-template'.
2026-05-01T12:19:33.700+0545 [ERROR] [org.gradle.internal.buildevents.BuildExceptionReporter] > Could not resolve all artifacts for configuration 'classpath'.
2026-05-01T12:19:33.700+0545 [ERROR] [org.gradle.internal.buildevents.BuildExceptionReporter]    > Could not resolve net.fabricmc:fabric-loom:1.10.5.
2026-05-01T12:19:33.700+0545 [ERROR] [org.gradle.internal.buildevents.BuildExceptionReporter]      Required by:
2026-05-01T12:19:33.700+0545 [ERROR] [org.gradle.internal.buildevents.BuildExceptionReporter]          root project :
2026-05-01T12:19:33.700+0545 [ERROR] [org.gradle.internal.buildevents.BuildExceptionReporter]       > Dependency requires at least JVM runtime version 17. This build uses a Java 8 JVM.
2026-05-01T12:19:33.700+0545 [ERROR] [org.gradle.internal.buildevents.BuildExceptionReporter] 
2026-05-01T12:19:33.700+0545 [ERROR] [org.gradle.internal.buildevents.BuildExceptionReporter] * Try:
2026-05-01T12:19:33.700+0545 [ERROR] [org.gradle.internal.buildevents.BuildExceptionReporter] > Run this build using a Java 17 or newer JVM.
2026-05-01T12:19:33.700+0545 [ERROR] [org.gradle.internal.buildevents.BuildExceptionReporter] > Run with --scan to get full insights.
2026-05-01T12:19:33.700+0545 [ERROR] [org.gradle.internal.buildevents.BuildExceptionReporter] > Get more help at https://help.gradle.org.
2026-05-01T12:19:33.700+0545 [ERROR] [org.gradle.internal.buildevents.BuildExceptionReporter] 
2026-05-01T12:19:33.701+0545 [ERROR] [org.gradle.internal.buildevents.BuildExceptionReporter] * Exception is:
2026-05-01T12:19:33.701+0545 [ERROR] [org.gradle.internal.buildevents.BuildExceptionReporter] org.gradle.api.ProjectConfigurationException: A problem occurred configuring root project 'minecraft-shader-template'.
2026-05-01T12:19:33.701+0545 [ERROR] [org.gradle.internal.buildevents.BuildExceptionReporter] 	at org.gradle.configuration.project.LifecycleProjectEvaluator.wrapException(LifecycleProjectEvaluator.java:84)
2026-05-01T12:19:33.701+0545 [ERROR] [org.gradle.internal.buildevents.BuildExceptionReporter] 	at org.gradle.configuration.project.LifecycleProjectEvaluator.addConfigurationFailure(LifecycleProjectEvaluator.java:77)
2026-05-01T12:19:33.701+0545 [ERROR] [org.gradle.internal.buildevents.BuildExceptionReporter] 	at org.gradle.configuration.project.LifecycleProjectEvaluator.access$500(LifecycleProjectEvaluator.java:55)
2026-05-01T12:19:33.701+0545 [ERROR] [org.gradle.internal.buildevents.BuildExceptionReporter] 	at org.gradle.configuration.project.LifecycleProjectEvaluator$EvaluateProject.lambda$run$0(LifecycleProjectEvaluator.java:111)
2026-05-01T12:19:33.701+0545 [ERROR] [org.gradle.internal.buildevents.BuildExceptionReporter] 	at org.gradle.api.internal.project.DefaultProjectStateRegistry$ProjectStateImpl.lambda$applyToMutableState$1(DefaultProjectStateRegistry.java:411)
2026-05-01T12:19:33.701+0545 [ERROR] [org.gradle.internal.buildevents.BuildExceptionReporter] 	at org.gradle.api.internal.project.DefaultProjectStateRegistry$ProjectStateImpl.lambda$fromMutableState$2(DefaultProjectStateRegistry.java:434)
2026-05-01T12:19:33.701+0545 [ERROR] [org.gradle.internal.buildevents.BuildExceptionReporter] 	at org.gradle.internal.work.DefaultWorkerLeaseService.withReplacedLocks(DefaultWorkerLeaseService.java:359)
2026-05-01T12:19:33.701+0545 [ERROR] [org.gradle.internal.buildevents.BuildExceptionReporter] 	at org.gradle.api.internal.project.DefaultProjectStateRegistry$ProjectStateImpl.fromMutableState(DefaultProjectStateRegistry.java:434)
2026-05-01T12:19:33.701+0545 [ERROR] [org.gradle.internal.buildevents.BuildExceptionReporter] 	at org.gradle.api.internal.project.DefaultProjectStateRegistry$ProjectStateImpl.applyToMutableState(DefaultProjectStateRegistry.java:410)
2026-05-01T12:19:33.701+0545 [ERROR] [org.gradle.internal.buildevents.BuildExceptionReporter] 	at org.gradle.configuration.project.LifecycleProjectEvaluator$EvaluateProject.run(LifecycleProjectEvaluator.java:100)
2026-05-01T12:19:33.701+0545 [ERROR] [org.gradle.internal.buildevents.BuildExceptionReporter] 	at org.gradle.internal.operations.DefaultBuildOperationRunner$1.execute(DefaultBuildOperationRunner.java:29)
2026-05-01T12:19:33.701+0545 [ERROR] [org.gradle.internal.buildevents.BuildExceptionReporter] 	at org.gradle.internal.operations.DefaultBuildOperationRunner$1.execute(DefaultBuildOperationRunner.java:26)
2026-05-01T12:19:33.701+0545 [ERROR] [org.gradle.internal.buildevents.BuildExceptionReporter] 	at org.gradle.internal.operations.DefaultBuildOperationRunner$2.execute(DefaultBuildOperationRunner.java:66)
2026-05-01T12:19:33.701+0545 [ERROR] [org.gradle.internal.buildevents.BuildExceptionReporter] 	at org.gradle.internal.operations.DefaultBuildOperationRunner$2.execute(DefaultBuildOperationRunner.java:59)
2026-05-01T12:19:33.701+0545 [ERROR] [org.gradle.internal.buildevents.BuildExceptionReporter] 	at org.gradle.internal.operations.DefaultBuildOperationRunner.execute(DefaultBuildOperationRunner.java:166)
2026-05-01T12:19:33.701+0545 [ERROR] [org.gradle.internal.buildevents.BuildExceptionReporter] 	at org.gradle.internal.operations.DefaultBuildOperationRunner.execute(DefaultBuildOperationRunner.java:59)
2026-05-01T12:19:33.701+0545 [ERROR] [org.gradle.internal.buildevents.BuildExceptionReporter] 	at org.gradle.internal.operations.DefaultBuildOperationRunner.run(DefaultBuildOperationRunner.java:47)
2026-05-01T12:19:33.701+0545 [ERROR] [org.gradle.internal.buildevents.BuildExceptionReporter] 	at org.gradle.configuration.project.LifecycleProjectEvaluator.evaluate(LifecycleProjectEvaluator.java:72)
2026-05-01T12:19:33.701+0545 [ERROR] [org.gradle.internal.buildevents.BuildExceptionReporter] 	at org.gradle.api.internal.project.DefaultProject.evaluateUnchecked(DefaultProject.java:828)
2026-05-01T12:19:33.701+0545 [ERROR] [org.gradle.internal.buildevents.BuildExceptionReporter] 	at org.gradle.api.internal.project.ProjectLifecycleController.lambda$ensureSelfConfigured$2(ProjectLifecycleController.java:85)
2026-05-01T12:19:33.701+0545 [ERROR] [org.gradle.internal.buildevents.BuildExceptionReporter] 	at org.gradle.internal.model.StateTransitionController.lambda$doTransition$14(StateTransitionController.java:255)
2026-05-01T12:19:33.701+0545 [ERROR] [org.gradle.internal.buildevents.BuildExceptionReporter] 	at org.gradle.internal.model.StateTransitionController.doTransition(StateTransitionController.java:266)
2026-05-01T12:19:33.701+0545 [ERROR] [org.gradle.internal.buildevents.BuildExceptionReporter] 	at org.gradle.internal.model.StateTransitionController.doTransition(StateTransitionController.java:254)
2026-05-01T12:19:33.701+0545 [ERROR] [org.gradle.internal.buildevents.BuildExceptionReporter] 	at org.gradle.internal.model.StateTransitionController.lambda$maybeTransitionIfNotCurrentlyTransitioning$10(StateTransitionController.java:199)
2026-05-01T12:19:33.701+0545 [ERROR] [org.gradle.internal.buildevents.BuildExceptionReporter] 	at org.gradle.internal.work.DefaultSynchronizer.withLock(DefaultSynchronizer.java:36)
2026-05-01T12:19:33.701+0545 [ERROR] [org.gradle.internal.buildevents.BuildExceptionReporter] 	at org.gradle.internal.model.StateTransitionController.maybeTransitionIfNotCurrentlyTransitioning(StateTransitionController.java:195)
2026-05-01T12:19:33.701+0545 [ERROR] [org.gradle.internal.buildevents.BuildExceptionReporter] 	at org.gradle.api.internal.project.ProjectLifecycleController.ensureSelfConfigured(ProjectLifecycleController.java:85)
2026-05-01T12:19:33.701+0545 [ERROR] [org.gradle.internal.buildevents.BuildExceptionReporter] 	at org.gradle.api.internal.project.DefaultProjectStateRegistry$ProjectStateImpl.ensureConfigured(DefaultProjectStateRegistry.java:385)
2026-05-01T12:19:33.701+0545 [ERROR] [org.gradle.internal.buildevents.BuildExceptionReporter] 	at org.gradle.execution.TaskPathProjectEvaluator.configure(TaskPathProjectEvaluator.java:42)
2026-05-01T12:19:33.701+0545 [ERROR] [org.gradle.internal.buildevents.BuildExceptionReporter] 	at org.gradle.execution.TaskPathProjectEvaluator.configureHierarchy(TaskPathProjectEvaluator.java:56)
2026-05-01T12:19:33.701+0545 [ERROR] [org.gradle.internal.buildevents.BuildExceptionReporter] 	at org.gradle.configuration.DefaultProjectsPreparer.prepareProjects(DefaultProjectsPreparer.java:50)
2026-05-01T12:19:33.701+0545 [ERROR] [org.gradle.internal.buildevents.BuildExceptionReporter] 	at org.gradle.configuration.BuildTreePreparingProjectsPreparer.prepareProjects(BuildTreePreparingProjectsPreparer.java:65)
2026-05-01T12:19:33.701+0545 [ERROR] [org.gradle.internal.buildevents.BuildExceptionReporter] 	at org.gradle.configuration.BuildOperationFiringProjectsPreparer$ConfigureBuild.run(BuildOperationFiringProjectsPreparer.java:52)
2026-05-01T12:19:33.701+0545 [ERROR] [org.gradle.internal.buildevents.BuildExceptionReporter] 	at org.gradle.internal.operations.DefaultBuildOperationRunner$1.execute(DefaultBuildOperationRunner.java:29)
2026-05-01T12:19:33.701+0545 [ERROR] [org.gradle.internal.buildevents.BuildExceptionReporter] 	at org.gradle.internal.operations.DefaultBuildOperationRunner$1.execute(DefaultBuildOperationRunner.java:26)
2026-05-01T12:19:33.701+0545 [ERROR] [org.gradle.internal.buildevents.BuildExceptionReporter] 	at org.gradle.internal.operations.DefaultBuildOperationRunner$2.execute(DefaultBuildOperationRunner.java:66)
2026-05-01T12:19:33.701+0545 [ERROR] [org.gradle.internal.buildevents.BuildExceptionReporter] 	at org.gradle.internal.operations.DefaultBuildOperationRunner$2.execute(DefaultBuildOperationRunner.java:59)
2026-05-01T12:19:33.701+0545 [ERROR] [org.gradle.internal.buildevents.BuildExceptionReporter] 	at org.gradle.internal.operations.DefaultBuildOperationRunner.execute(DefaultBuildOperationRunner.java:166)
2026-05-01T12:19:33.701+0545 [ERROR] [org.gradle.internal.buildevents.BuildExceptionReporter] 	at org.gradle.internal.operations.DefaultBuildOperationRunner.execute(DefaultBuildOperationRunner.java:59)
2026-05-01T12:19:33.701+0545 [ERROR] [org.gradle.internal.buildevents.BuildExceptionReporter] 	at org.gradle.internal.operations.DefaultBuildOperationRunner.run(DefaultBuildOperationRunner.java:47)
2026-05-01T12:19:33.702+0545 [ERROR] [org.gradle.internal.buildevents.BuildExceptionReporter] 	at org.gradle.configuration.BuildOperationFiringProjectsPreparer.prepareProjects(BuildOperationFiringProjectsPreparer.java:40)
2026-05-01T12:19:33.702+0545 [ERROR] [org.gradle.internal.buildevents.BuildExceptionReporter] 	at org.gradle.initialization.VintageBuildModelController.lambda$prepareProjects$2(VintageBuildModelController.java:84)
2026-05-01T12:19:33.702+0545 [ERROR] [org.gradle.internal.buildevents.BuildExceptionReporter] 	at org.gradle.internal.model.StateTransitionController.lambda$doTransition$14(StateTransitionController.java:255)
2026-05-01T12:19:33.702+0545 [ERROR] [org.gradle.internal.buildevents.BuildExceptionReporter] 	at org.gradle.internal.model.StateTransitionController.doTransition(StateTransitionController.java:266)
2026-05-01T12:19:33.702+0545 [ERROR] [org.gradle.internal.buildevents.BuildExceptionReporter] 	at org.gradle.internal.model.StateTransitionController.doTransition(StateTransitionController.java:254)
2026-05-01T12:19:33.702+0545 [ERROR] [org.gradle.internal.buildevents.BuildExceptionReporter] 	at org.gradle.internal.model.StateTransitionController.lambda$transitionIfNotPreviously$11(StateTransitionController.java:213)
2026-05-01T12:19:33.702+0545 [ERROR] [org.gradle.internal.buildevents.BuildExceptionReporter] 	at org.gradle.internal.work.DefaultSynchronizer.withLock(DefaultSynchronizer.java:36)
2026-05-01T12:19:33.702+0545 [ERROR] [org.gradle.internal.buildevents.BuildExceptionReporter] 	at org.gradle.internal.model.StateTransitionController.transitionIfNotPreviously(StateTransitionController.java:209)
2026-05-01T12:19:33.702+0545 [ERROR] [org.gradle.internal.buildevents.BuildExceptionReporter] 	at org.gradle.initialization.VintageBuildModelController.prepareProjects(VintageBuildModelController.java:84)
2026-05-01T12:19:33.702+0545 [ERROR] [org.gradle.internal.buildevents.BuildExceptionReporter] 	at org.gradle.initialization.VintageBuildModelController.prepareToScheduleTasks(VintageBuildModelController.java:71)
2026-05-01T12:19:33.702+0545 [ERROR] [org.gradle.internal.buildevents.BuildExceptionReporter] 	at org.gradle.internal.build.DefaultBuildLifecycleController.lambda$prepareToScheduleTasks$6(DefaultBuildLifecycleController.java:175)
2026-05-01T12:19:33.702+0545 [ERROR] [org.gradle.internal.buildevents.BuildExceptionReporter] 	at org.gradle.internal.model.StateTransitionController.lambda$doTransition$14(StateTransitionController.java:255)
2026-05-01T12:19:33.702+0545 [ERROR] [org.gradle.internal.buildevents.BuildExceptionReporter] 	at org.gradle.internal.model.StateTransitionController.doTransition(StateTransitionController.java:266)
2026-05-01T12:19:33.702+0545 [ERROR] [org.gradle.internal.buildevents.BuildExceptionReporter] 	at org.gradle.internal.model.StateTransitionController.doTransition(StateTransitionController.java:254)
2026-05-01T12:19:33.702+0545 [ERROR] [org.gradle.internal.buildevents.BuildExceptionReporter] 	at org.gradle.internal.model.StateTransitionController.lambda$maybeTransition$9(StateTransitionController.java:190)
2026-05-01T12:19:33.702+0545 [ERROR] [org.gradle.internal.buildevents.BuildExceptionReporter] 	at org.gradle.internal.work.DefaultSynchronizer.withLock(DefaultSynchronizer.java:36)
2026-05-01T12:19:33.702+0545 [ERROR] [org.gradle.internal.buildevents.BuildExceptionReporter] 	at org.gradle.internal.model.StateTransitionController.maybeTransition(StateTransitionController.java:186)
2026-05-01T12:19:33.702+0545 [ERROR] [org.gradle.internal.buildevents.BuildExceptionReporter] 	at org.gradle.internal.build.DefaultBuildLifecycleController.prepareToScheduleTasks(DefaultBuildLifecycleController.java:173)
2026-05-01T12:19:33.702+0545 [ERROR] [org.gradle.internal.buildevents.BuildExceptionReporter] 	at org.gradle.internal.buildtree.DefaultBuildTreeWorkPreparer.scheduleRequestedTasks(DefaultBuildTreeWorkPreparer.java:36)
2026-05-01T12:19:33.702+0545 [ERROR] [org.gradle.internal.buildevents.BuildExceptionReporter] 	at org.gradle.internal.cc.impl.VintageBuildTreeWorkController$scheduleAndRunRequestedTasks$1.apply(VintageBuildTreeWorkController.kt:36)
2026-05-01T12:19:33.702+0545 [ERROR] [org.gradle.internal.buildevents.BuildExceptionReporter] 	at org.gradle.internal.cc.impl.VintageBuildTreeWorkController$scheduleAndRunRequestedTasks$1.apply(VintageBuildTreeWorkController.kt:35)
2026-05-01T12:19:33.702+0545 [ERROR] [org.gradle.internal.buildevents.BuildExceptionReporter] 	at org.gradle.composite.internal.DefaultIncludedBuildTaskGraph.withNewWorkGraph(DefaultIncludedBuildTaskGraph.java:112)
2026-05-01T12:19:33.702+0545 [ERROR] [org.gradle.internal.buildevents.BuildExceptionReporter] 	at org.gradle.internal.cc.impl.VintageBuildTreeWorkController.scheduleAndRunRequestedTasks(VintageBuildTreeWorkController.kt:35)
2026-05-01T12:19:33.702+0545 [ERROR] [org.gradle.internal.buildevents.BuildExceptionReporter] 	at org.gradle.internal.buildtree.DefaultBuildTreeLifecycleController.lambda$scheduleAndRunTasks$1(DefaultBuildTreeLifecycleController.java:77)
2026-05-01T12:19:33.702+0545 [ERROR] [org.gradle.internal.buildevents.BuildExceptionReporter] 	at org.gradle.internal.buildtree.DefaultBuildTreeLifecycleController.lambda$runBuild$4(DefaultBuildTreeLifecycleController.java:120)
2026-05-01T12:19:33.702+0545 [ERROR] [org.gradle.internal.buildevents.BuildExceptionReporter] 	at org.gradle.internal.model.StateTransitionController.lambda$transition$6(StateTransitionController.java:169)
2026-05-01T12:19:33.702+0545 [ERROR] [org.gradle.internal.buildevents.BuildExceptionReporter] 	at org.gradle.internal.model.StateTransitionController.doTransition(StateTransitionController.java:266)
2026-05-01T12:19:33.702+0545 [ERROR] [org.gradle.internal.buildevents.BuildExceptionReporter] 	at org.gradle.internal.model.StateTransitionController.lambda$transition$7(StateTransitionController.java:169)
2026-05-01T12:19:33.702+0545 [ERROR] [org.gradle.internal.buildevents.BuildExceptionReporter] 	at org.gradle.internal.work.DefaultSynchronizer.withLock(DefaultSynchronizer.java:46)
2026-05-01T12:19:33.702+0545 [ERROR] [org.gradle.internal.buildevents.BuildExceptionReporter] 	at org.gradle.internal.model.StateTransitionController.transition(StateTransitionController.java:169)
2026-05-01T12:19:33.702+0545 [ERROR] [org.gradle.internal.buildevents.BuildExceptionReporter] 	at org.gradle.internal.buildtree.DefaultBuildTreeLifecycleController.runBuild(DefaultBuildTreeLifecycleController.java:117)
2026-05-01T12:19:33.702+0545 [ERROR] [org.gradle.internal.buildevents.BuildExceptionReporter] 	at org.gradle.internal.buildtree.DefaultBuildTreeLifecycleController.scheduleAndRunTasks(DefaultBuildTreeLifecycleController.java:77)
2026-05-01T12:19:33.702+0545 [ERROR] [org.gradle.internal.buildevents.BuildExceptionReporter] 	at org.gradle.internal.buildtree.DefaultBuildTreeLifecycleController.scheduleAndRunTasks(DefaultBuildTreeLifecycleController.java:72)
2026-05-01T12:19:33.702+0545 [ERROR] [org.gradle.internal.buildevents.BuildExceptionReporter] 	at org.gradle.tooling.internal.provider.ExecuteBuildActionRunner.run(ExecuteBuildActionRunner.java:31)
2026-05-01T12:19:33.702+0545 [ERROR] [org.gradle.internal.buildevents.BuildExceptionReporter] 	at org.gradle.launcher.exec.ChainingBuildActionRunner.run(ChainingBuildActionRunner.java:35)
2026-05-01T12:19:33.702+0545 [ERROR] [org.gradle.internal.buildevents.BuildExceptionReporter] 	at org.gradle.internal.buildtree.ProblemReportingBuildActionRunner.run(ProblemReportingBuildActionRunner.java:49)
2026-05-01T12:19:33.702+0545 [ERROR] [org.gradle.internal.buildevents.BuildExceptionReporter] 	at org.gradle.launcher.exec.BuildOutcomeReportingBuildActionRunner.run(BuildOutcomeReportingBuildActionRunner.java:71)
2026-05-01T12:19:33.702+0545 [ERROR] [org.gradle.internal.buildevents.BuildExceptionReporter] 	at org.gradle.tooling.internal.provider.FileSystemWatchingBuildActionRunner.run(FileSystemWatchingBuildActionRunner.java:135)
2026-05-01T12:19:33.702+0545 [ERROR] [org.gradle.internal.buildevents.BuildExceptionReporter] 	at org.gradle.launcher.exec.BuildCompletionNotifyingBuildActionRunner.run(BuildCompletionNotifyingBuildActionRunner.java:41)
2026-05-01T12:19:33.702+0545 [ERROR] [org.gradle.internal.buildevents.BuildExceptionReporter] 	at org.gradle.launcher.exec.RootBuildLifecycleBuildActionExecutor.lambda$execute$0(RootBuildLifecycleBuildActionExecutor.java:54)
2026-05-01T12:19:33.702+0545 [ERROR] [org.gradle.internal.buildevents.BuildExceptionReporter] 	at org.gradle.composite.internal.DefaultRootBuildState.run(DefaultRootBuildState.java:130)
2026-05-01T12:19:33.703+0545 [ERROR] [org.gradle.internal.buildevents.BuildExceptionReporter] 	at org.gradle.launcher.exec.RootBuildLifecycleBuildActionExecutor.execute(RootBuildLifecycleBuildActionExecutor.java:54)
2026-05-01T12:19:33.703+0545 [ERROR] [org.gradle.internal.buildevents.BuildExceptionReporter] 	at org.gradle.internal.buildtree.InitDeprecationLoggingActionExecutor.execute(InitDeprecationLoggingActionExecutor.java:62)
2026-05-01T12:19:33.703+0545 [ERROR] [org.gradle.internal.buildevents.BuildExceptionReporter] 	at org.gradle.internal.buildtree.InitProblems.execute(InitProblems.java:36)
2026-05-01T12:19:33.703+0545 [ERROR] [org.gradle.internal.buildevents.BuildExceptionReporter] 	at org.gradle.internal.buildtree.DefaultBuildTreeContext.execute(DefaultBuildTreeContext.java:40)
2026-05-01T12:19:33.703+0545 [ERROR] [org.gradle.internal.buildevents.BuildExceptionReporter] 	at org.gradle.launcher.exec.BuildTreeLifecycleBuildActionExecutor.lambda$execute$0(BuildTreeLifecycleBuildActionExecutor.java:71)
2026-05-01T12:19:33.703+0545 [ERROR] [org.gradle.internal.buildevents.BuildExceptionReporter] 	at org.gradle.internal.buildtree.BuildTreeState.run(BuildTreeState.java:60)
2026-05-01T12:19:33.703+0545 [ERROR] [org.gradle.internal.buildevents.BuildExceptionReporter] 	at org.gradle.launcher.exec.BuildTreeLifecycleBuildActionExecutor.execute(BuildTreeLifecycleBuildActionExecutor.java:71)
2026-05-01T12:19:33.703+0545 [ERROR] [org.gradle.internal.buildevents.BuildExceptionReporter] 	at org.gradle.launcher.exec.RunAsBuildOperationBuildActionExecutor$2.call(RunAsBuildOperationBuildActionExecutor.java:67)
2026-05-01T12:19:33.703+0545 [ERROR] [org.gradle.internal.buildevents.BuildExceptionReporter] 	at org.gradle.launcher.exec.RunAsBuildOperationBuildActionExecutor$2.call(RunAsBuildOperationBuildActionExecutor.java:63)
2026-05-01T12:19:33.703+0545 [ERROR] [org.gradle.internal.buildevents.BuildExceptionReporter] 	at org.gradle.internal.operations.DefaultBuildOperationRunner$CallableBuildOperationWorker.execute(DefaultBuildOperationRunner.java:209)
2026-05-01T12:19:33.703+0545 [ERROR] [org.gradle.internal.buildevents.BuildExceptionReporter] 	at org.gradle.internal.operations.DefaultBuildOperationRunner$CallableBuildOperationWorker.execute(DefaultBuildOperationRunner.java:204)
2026-05-01T12:19:33.703+0545 [ERROR] [org.gradle.internal.buildevents.BuildExceptionReporter] 	at org.gradle.internal.operations.DefaultBuildOperationRunner$2.execute(DefaultBuildOperationRunner.java:66)
2026-05-01T12:19:33.703+0545 [ERROR] [org.gradle.internal.buildevents.BuildExceptionReporter] 	at org.gradle.internal.operations.DefaultBuildOperationRunner$2.execute(DefaultBuildOperationRunner.java:59)
2026-05-01T12:19:33.703+0545 [ERROR] [org.gradle.internal.buildevents.BuildExceptionReporter] 	at org.gradle.internal.operations.DefaultBuildOperationRunner.execute(DefaultBuildOperationRunner.java:166)
2026-05-01T12:19:33.703+0545 [ERROR] [org.gradle.internal.buildevents.BuildExceptionReporter] 	at org.gradle.internal.operations.DefaultBuildOperationRunner.execute(DefaultBuildOperationRunner.java:59)
2026-05-01T12:19:33.703+0545 [ERROR] [org.gradle.internal.buildevents.BuildExceptionReporter] 	at org.gradle.internal.operations.DefaultBuildOperationRunner.call(DefaultBuildOperationRunner.java:53)
2026-05-01T12:19:33.703+0545 [ERROR] [org.gradle.internal.buildevents.BuildExceptionReporter] 	at org.gradle.launcher.exec.RunAsBuildOperationBuildActionExecutor.execute(RunAsBuildOperationBuildActionExecutor.java:63)
2026-05-01T12:19:33.703+0545 [ERROR] [org.gradle.internal.buildevents.BuildExceptionReporter] 	at org.gradle.launcher.exec.RunAsWorkerThreadBuildActionExecutor.lambda$execute$0(RunAsWorkerThreadBuildActionExecutor.java:36)
2026-05-01T12:19:33.703+0545 [ERROR] [org.gradle.internal.buildevents.BuildExceptionReporter] 	at org.gradle.internal.work.DefaultWorkerLeaseService.withLocks(DefaultWorkerLeaseService.java:263)
2026-05-01T12:19:33.703+0545 [ERROR] [org.gradle.internal.buildevents.BuildExceptionReporter] 	at org.gradle.internal.work.DefaultWorkerLeaseService.runAsWorkerThread(DefaultWorkerLeaseService.java:127)
2026-05-01T12:19:33.703+0545 [ERROR] [org.gradle.internal.buildevents.BuildExceptionReporter] 	at org.gradle.launcher.exec.RunAsWorkerThreadBuildActionExecutor.execute(RunAsWorkerThreadBuildActionExecutor.java:36)
2026-05-01T12:19:33.703+0545 [ERROR] [org.gradle.internal.buildevents.BuildExceptionReporter] 	at org.gradle.tooling.internal.provider.continuous.ContinuousBuildActionExecutor.execute(ContinuousBuildActionExecutor.java:110)
2026-05-01T12:19:33.703+0545 [ERROR] [org.gradle.internal.buildevents.BuildExceptionReporter] 	at org.gradle.tooling.internal.provider.SubscribableBuildActionExecutor.execute(SubscribableBuildActionExecutor.java:64)
2026-05-01T12:19:33.703+0545 [ERROR] [org.gradle.internal.buildevents.BuildExceptionReporter] 	at org.gradle.internal.session.DefaultBuildSessionContext.execute(DefaultBuildSessionContext.java:46)
2026-05-01T12:19:33.703+0545 [ERROR] [org.gradle.internal.buildevents.BuildExceptionReporter] 	at org.gradle.internal.buildprocess.execution.BuildSessionLifecycleBuildActionExecutor$ActionImpl.apply(BuildSessionLifecycleBuildActionExecutor.java:92)
2026-05-01T12:19:33.703+0545 [ERROR] [org.gradle.internal.buildevents.BuildExceptionReporter] 	at org.gradle.internal.buildprocess.execution.BuildSessionLifecycleBuildActionExecutor$ActionImpl.apply(BuildSessionLifecycleBuildActionExecutor.java:80)
2026-05-01T12:19:33.703+0545 [ERROR] [org.gradle.internal.buildevents.BuildExceptionReporter] 	at org.gradle.internal.session.BuildSessionState.run(BuildSessionState.java:71)
2026-05-01T12:19:33.703+0545 [ERROR] [org.gradle.internal.buildevents.BuildExceptionReporter] 	at org.gradle.internal.buildprocess.execution.BuildSessionLifecycleBuildActionExecutor.execute(BuildSessionLifecycleBuildActionExecutor.java:62)
2026-05-01T12:19:33.703+0545 [ERROR] [org.gradle.internal.buildevents.BuildExceptionReporter] 	at org.gradle.internal.buildprocess.execution.BuildSessionLifecycleBuildActionExecutor.execute(BuildSessionLifecycleBuildActionExecutor.java:41)
2026-05-01T12:19:33.703+0545 [ERROR] [org.gradle.internal.buildevents.BuildExceptionReporter] 	at org.gradle.internal.buildprocess.execution.StartParamsValidatingActionExecutor.execute(StartParamsValidatingActionExecutor.java:64)
2026-05-01T12:19:33.703+0545 [ERROR] [org.gradle.internal.buildevents.BuildExceptionReporter] 	at org.gradle.internal.buildprocess.execution.StartParamsValidatingActionExecutor.execute(StartParamsValidatingActionExecutor.java:32)
2026-05-01T12:19:33.703+0545 [ERROR] [org.gradle.internal.buildevents.BuildExceptionReporter] 	at org.gradle.internal.buildprocess.execution.SessionFailureReportingActionExecutor.execute(SessionFailureReportingActionExecutor.java:51)
2026-05-01T12:19:33.703+0545 [ERROR] [org.gradle.internal.buildevents.BuildExceptionReporter] 	at org.gradle.internal.buildprocess.execution.SessionFailureReportingActionExecutor.execute(SessionFailureReportingActionExecutor.java:39)
2026-05-01T12:19:33.703+0545 [ERROR] [org.gradle.internal.buildevents.BuildExceptionReporter] 	at org.gradle.internal.buildprocess.execution.SetupLoggingActionExecutor.execute(SetupLoggingActionExecutor.java:47)
2026-05-01T12:19:33.703+0545 [ERROR] [org.gradle.internal.buildevents.BuildExceptionReporter] 	at org.gradle.internal.buildprocess.execution.SetupLoggingActionExecutor.execute(SetupLoggingActionExecutor.java:31)
2026-05-01T12:19:33.703+0545 [ERROR] [org.gradle.internal.buildevents.BuildExceptionReporter] 	at org.gradle.launcher.daemon.server.exec.ExecuteBuild.doBuild(ExecuteBuild.java:70)
2026-05-01T12:19:33.703+0545 [ERROR] [org.gradle.internal.buildevents.BuildExceptionReporter] 	at org.gradle.launcher.daemon.server.exec.BuildCommandOnly.execute(BuildCommandOnly.java:37)
2026-05-01T12:19:33.703+0545 [ERROR] [org.gradle.internal.buildevents.BuildExceptionReporter] 	at org.gradle.launcher.daemon.server.api.DaemonCommandExecution.proceed(DaemonCommandExecution.java:104)
2026-05-01T12:19:33.703+0545 [ERROR] [org.gradle.internal.buildevents.BuildExceptionReporter] 	at org.gradle.launcher.daemon.server.exec.WatchForDisconnection.execute(WatchForDisconnection.java:39)
2026-05-01T12:19:33.703+0545 [ERROR] [org.gradle.internal.buildevents.BuildExceptionReporter] 	at org.gradle.launcher.daemon.server.api.DaemonCommandExecution.proceed(DaemonCommandExecution.java:104)
2026-05-01T12:19:33.703+0545 [ERROR] [org.gradle.internal.buildevents.BuildExceptionReporter] 	at org.gradle.launcher.daemon.server.exec.ResetDeprecationLogger.execute(ResetDeprecationLogger.java:29)
2026-05-01T12:19:33.703+0545 [ERROR] [org.gradle.internal.buildevents.BuildExceptionReporter] 	at org.gradle.launcher.daemon.server.api.DaemonCommandExecution.proceed(DaemonCommandExecution.java:104)
2026-05-01T12:19:33.703+0545 [ERROR] [org.gradle.internal.buildevents.BuildExceptionReporter] 	at org.gradle.launcher.daemon.server.exec.RequestStopIfSingleUsedDaemon.execute(RequestStopIfSingleUsedDaemon.java:35)
2026-05-01T12:19:33.704+0545 [ERROR] [org.gradle.internal.buildevents.BuildExceptionReporter] 	at org.gradle.launcher.daemon.server.api.DaemonCommandExecution.proceed(DaemonCommandExecution.java:104)
2026-05-01T12:19:33.704+0545 [ERROR] [org.gradle.internal.buildevents.BuildExceptionReporter] 	at org.gradle.launcher.daemon.server.exec.ForwardClientInput.lambda$execute$0(ForwardClientInput.java:40)
2026-05-01T12:19:33.704+0545 [ERROR] [org.gradle.internal.buildevents.BuildExceptionReporter] 	at org.gradle.internal.daemon.clientinput.ClientInputForwarder.forwardInput(ClientInputForwarder.java:80)
2026-05-01T12:19:33.704+0545 [ERROR] [org.gradle.internal.buildevents.BuildExceptionReporter] 	at org.gradle.launcher.daemon.server.exec.ForwardClientInput.execute(ForwardClientInput.java:37)
2026-05-01T12:19:33.704+0545 [ERROR] [org.gradle.internal.buildevents.BuildExceptionReporter] 	at org.gradle.launcher.daemon.server.api.DaemonCommandExecution.proceed(DaemonCommandExecution.java:104)
2026-05-01T12:19:33.704+0545 [ERROR] [org.gradle.internal.buildevents.BuildExceptionReporter] 	at org.gradle.launcher.daemon.server.exec.LogAndCheckHealth.execute(LogAndCheckHealth.java:64)
2026-05-01T12:19:33.704+0545 [ERROR] [org.gradle.internal.buildevents.BuildExceptionReporter] 	at org.gradle.launcher.daemon.server.api.DaemonCommandExecution.proceed(DaemonCommandExecution.java:104)
2026-05-01T12:19:33.704+0545 [ERROR] [org.gradle.internal.buildevents.BuildExceptionReporter] 	at org.gradle.launcher.daemon.server.exec.LogToClient.doBuild(LogToClient.java:63)
2026-05-01T12:19:33.704+0545 [ERROR] [org.gradle.internal.buildevents.BuildExceptionReporter] 	at org.gradle.launcher.daemon.server.exec.BuildCommandOnly.execute(BuildCommandOnly.java:37)
2026-05-01T12:19:33.704+0545 [ERROR] [org.gradle.internal.buildevents.BuildExceptionReporter] 	at org.gradle.launcher.daemon.server.api.DaemonCommandExecution.proceed(DaemonCommandExecution.java:104)
2026-05-01T12:19:33.704+0545 [ERROR] [org.gradle.internal.buildevents.BuildExceptionReporter] 	at org.gradle.launcher.daemon.server.exec.EstablishBuildEnvironment.doBuild(EstablishBuildEnvironment.java:84)
2026-05-01T12:19:33.704+0545 [ERROR] [org.gradle.internal.buildevents.BuildExceptionReporter] 	at org.gradle.launcher.daemon.server.exec.BuildCommandOnly.execute(BuildCommandOnly.java:37)
2026-05-01T12:19:33.704+0545 [ERROR] [org.gradle.internal.buildevents.BuildExceptionReporter] 	at org.gradle.launcher.daemon.server.api.DaemonCommandExecution.proceed(DaemonCommandExecution.java:104)
2026-05-01T12:19:33.704+0545 [ERROR] [org.gradle.internal.buildevents.BuildExceptionReporter] 	at org.gradle.launcher.daemon.server.exec.StartBuildOrRespondWithBusy$1.run(StartBuildOrRespondWithBusy.java:52)
2026-05-01T12:19:33.704+0545 [ERROR] [org.gradle.internal.buildevents.BuildExceptionReporter] 	at org.gradle.launcher.daemon.server.DaemonStateCoordinator.lambda$runCommand$0(DaemonStateCoordinator.java:321)
2026-05-01T12:19:33.704+0545 [ERROR] [org.gradle.internal.buildevents.BuildExceptionReporter] 	at org.gradle.internal.concurrent.ExecutorPolicy$CatchAndRecordFailures.onExecute(ExecutorPolicy.java:64)
2026-05-01T12:19:33.704+0545 [ERROR] [org.gradle.internal.buildevents.BuildExceptionReporter] 	at org.gradle.internal.concurrent.AbstractManagedExecutor$1.run(AbstractManagedExecutor.java:48)
2026-05-01T12:19:33.704+0545 [ERROR] [org.gradle.internal.buildevents.BuildExceptionReporter] Caused by: org.gradle.api.internal.artifacts.ivyservice.TypedResolveException: Could not resolve all artifacts for configuration 'classpath'.
2026-05-01T12:19:33.704+0545 [ERROR] [org.gradle.internal.buildevents.BuildExceptionReporter] 	at org.gradle.api.internal.artifacts.ResolveExceptionMapper.mapFailure(ResolveExceptionMapper.java:68)
2026-05-01T12:19:33.704+0545 [ERROR] [org.gradle.internal.buildevents.BuildExceptionReporter] 	at org.gradle.api.internal.artifacts.ResolveExceptionMapper.mapFailures(ResolveExceptionMapper.java:60)
2026-05-01T12:19:33.704+0545 [ERROR] [org.gradle.internal.buildevents.BuildExceptionReporter] 	at org.gradle.api.internal.artifacts.configurations.DefaultConfiguration$DefaultResolutionHost.consolidateFailures(DefaultConfiguration.java:1974)
2026-05-01T12:19:33.704+0545 [ERROR] [org.gradle.internal.buildevents.BuildExceptionReporter] 	at org.gradle.api.internal.artifacts.configurations.ResolutionHost.rethrowFailuresAndReportProblems(ResolutionHost.java:75)
2026-05-01T12:19:33.704+0545 [ERROR] [org.gradle.internal.buildevents.BuildExceptionReporter] 	at org.gradle.api.internal.artifacts.configurations.DefaultArtifactCollection.lambda$new$0(DefaultArtifactCollection.java:52)
2026-05-01T12:19:33.704+0545 [ERROR] [org.gradle.internal.buildevents.BuildExceptionReporter] 	at org.gradle.internal.model.CalculatedValueContainerFactory$SupplierBackedCalculator.calculateValue(CalculatedValueContainerFactory.java:69)
2026-05-01T12:19:33.704+0545 [ERROR] [org.gradle.internal.buildevents.BuildExceptionReporter] 	at org.gradle.internal.model.CalculatedValueContainer$CalculationState.lambda$attachValue$0(CalculatedValueContainer.java:229)
2026-05-01T12:19:33.704+0545 [ERROR] [org.gradle.internal.buildevents.BuildExceptionReporter] 	at org.gradle.internal.Try.ofFailable(Try.java:50)
2026-05-01T12:19:33.704+0545 [ERROR] [org.gradle.internal.buildevents.BuildExceptionReporter] 	at org.gradle.internal.model.CalculatedValueContainer$CalculationState.attachValue(CalculatedValueContainer.java:224)
2026-05-01T12:19:33.704+0545 [ERROR] [org.gradle.internal.buildevents.BuildExceptionReporter] 	at org.gradle.internal.model.CalculatedValueContainer.finalizeIfNotAlready(CalculatedValueContainer.java:195)
2026-05-01T12:19:33.704+0545 [ERROR] [org.gradle.internal.buildevents.BuildExceptionReporter] 	at org.gradle.internal.model.CalculatedValueContainer.finalizeIfNotAlready(CalculatedValueContainer.java:186)
2026-05-01T12:19:33.704+0545 [ERROR] [org.gradle.internal.buildevents.BuildExceptionReporter] 	at org.gradle.api.internal.artifacts.configurations.DefaultArtifactCollection.ensureResolved(DefaultArtifactCollection.java:103)
2026-05-01T12:19:33.704+0545 [ERROR] [org.gradle.internal.buildevents.BuildExceptionReporter] 	at org.gradle.api.internal.artifacts.configurations.DefaultArtifactCollection.getArtifacts(DefaultArtifactCollection.java:75)
2026-05-01T12:19:33.704+0545 [ERROR] [org.gradle.internal.buildevents.BuildExceptionReporter] 	at org.gradle.api.internal.initialization.transform.utils.InstrumentationClasspathMerger.mergeToClasspath(InstrumentationClasspathMerger.java:52)
2026-05-01T12:19:33.704+0545 [ERROR] [org.gradle.internal.buildevents.BuildExceptionReporter] 	at org.gradle.api.internal.initialization.DefaultScriptClassPathResolver.resolveClassPath(DefaultScriptClassPathResolver.java:155)
2026-05-01T12:19:33.704+0545 [ERROR] [org.gradle.internal.buildevents.BuildExceptionReporter] 	at org.gradle.api.internal.initialization.DefaultBuildLogicBuilder.lambda$resolveClassPath$0(DefaultBuildLogicBuilder.java:64)
2026-05-01T12:19:33.704+0545 [ERROR] [org.gradle.internal.buildevents.BuildExceptionReporter] 	at org.gradle.api.internal.initialization.DefaultBuildLogicBuildQueue.build(DefaultBuildLogicBuildQueue.java:56)
2026-05-01T12:19:33.704+0545 [ERROR] [org.gradle.internal.buildevents.BuildExceptionReporter] 	at org.gradle.api.internal.initialization.DefaultBuildLogicBuilder.resolveClassPath(DefaultBuildLogicBuilder.java:61)
2026-05-01T12:19:33.704+0545 [ERROR] [org.gradle.internal.buildevents.BuildExceptionReporter] 	at org.gradle.api.internal.initialization.DefaultScriptHandler.lambda$getInstrumentedScriptClassPath$0(DefaultScriptHandler.java:109)
2026-05-01T12:19:33.704+0545 [ERROR] [org.gradle.internal.buildevents.BuildExceptionReporter] 	at org.gradle.api.internal.artifacts.configurations.DefaultConfiguration.callAndResetResolutionState(DefaultConfiguration.java:919)
2026-05-01T12:19:33.704+0545 [ERROR] [org.gradle.internal.buildevents.BuildExceptionReporter] 	at org.gradle.api.internal.initialization.DefaultScriptHandler.getInstrumentedScriptClassPath(DefaultScriptHandler.java:113)
2026-05-01T12:19:33.704+0545 [ERROR] [org.gradle.internal.buildevents.BuildExceptionReporter] 	at org.gradle.plugin.use.internal.DefaultPluginRequestApplicator.applyPlugins(DefaultPluginRequestApplicator.java:86)
2026-05-01T12:19:33.704+0545 [ERROR] [org.gradle.internal.buildevents.BuildExceptionReporter] 	at org.gradle.configuration.DefaultScriptPluginFactory$ScriptPluginImpl.apply(DefaultScriptPluginFactory.java:123)
2026-05-01T12:19:33.705+0545 [ERROR] [org.gradle.internal.buildevents.BuildExceptionReporter] 	at org.gradle.configuration.BuildOperationScriptPlugin$1.run(BuildOperationScriptPlugin.java:68)
2026-05-01T12:19:33.705+0545 [ERROR] [org.gradle.internal.buildevents.BuildExceptionReporter] 	at org.gradle.internal.operations.DefaultBuildOperationRunner$1.execute(DefaultBuildOperationRunner.java:29)
2026-05-01T12:19:33.705+0545 [ERROR] [org.gradle.internal.buildevents.BuildExceptionReporter] 	at org.gradle.internal.operations.DefaultBuildOperationRunner$1.execute(DefaultBuildOperationRunner.java:26)
2026-05-01T12:19:33.705+0545 [ERROR] [org.gradle.internal.buildevents.BuildExceptionReporter] 	at org.gradle.internal.operations.DefaultBuildOperationRunner$2.execute(DefaultBuildOperationRunner.java:66)
2026-05-01T12:19:33.705+0545 [ERROR] [org.gradle.internal.buildevents.BuildExceptionReporter] 	at org.gradle.internal.operations.DefaultBuildOperationRunner$2.execute(DefaultBuildOperationRunner.java:59)
2026-05-01T12:19:33.705+0545 [ERROR] [org.gradle.internal.buildevents.BuildExceptionReporter] 	at org.gradle.internal.operations.DefaultBuildOperationRunner.execute(DefaultBuildOperationRunner.java:166)
2026-05-01T12:19:33.705+0545 [ERROR] [org.gradle.internal.buildevents.BuildExceptionReporter] 	at org.gradle.internal.operations.DefaultBuildOperationRunner.execute(DefaultBuildOperationRunner.java:59)
2026-05-01T12:19:33.705+0545 [ERROR] [org.gradle.internal.buildevents.BuildExceptionReporter] 	at org.gradle.internal.operations.DefaultBuildOperationRunner.run(DefaultBuildOperationRunner.java:47)
2026-05-01T12:19:33.705+0545 [ERROR] [org.gradle.internal.buildevents.BuildExceptionReporter] 	at org.gradle.configuration.BuildOperationScriptPlugin.lambda$apply$0(BuildOperationScriptPlugin.java:65)
2026-05-01T12:19:33.705+0545 [ERROR] [org.gradle.internal.buildevents.BuildExceptionReporter] 	at org.gradle.internal.code.DefaultUserCodeApplicationContext.apply(DefaultUserCodeApplicationContext.java:44)
2026-05-01T12:19:33.705+0545 [ERROR] [org.gradle.internal.buildevents.BuildExceptionReporter] 	at org.gradle.configuration.BuildOperationScriptPlugin.apply(BuildOperationScriptPlugin.java:65)
2026-05-01T12:19:33.705+0545 [ERROR] [org.gradle.internal.buildevents.BuildExceptionReporter] 	at org.gradle.api.internal.project.DefaultProjectStateRegistry$ProjectStateImpl.lambda$applyToMutableState$1(DefaultProjectStateRegistry.java:411)
2026-05-01T12:19:33.705+0545 [ERROR] [org.gradle.internal.buildevents.BuildExceptionReporter] 	at org.gradle.api.internal.project.DefaultProjectStateRegistry$ProjectStateImpl.fromMutableState(DefaultProjectStateRegistry.java:429)
2026-05-01T12:19:33.705+0545 [ERROR] [org.gradle.internal.buildevents.BuildExceptionReporter] 	at org.gradle.api.internal.project.DefaultProjectStateRegistry$ProjectStateImpl.applyToMutableState(DefaultProjectStateRegistry.java:410)
2026-05-01T12:19:33.705+0545 [ERROR] [org.gradle.internal.buildevents.BuildExceptionReporter] 	at org.gradle.configuration.project.BuildScriptProcessor.execute(BuildScriptProcessor.java:46)
2026-05-01T12:19:33.705+0545 [ERROR] [org.gradle.internal.buildevents.BuildExceptionReporter] 	at org.gradle.configuration.project.BuildScriptProcessor.execute(BuildScriptProcessor.java:27)
2026-05-01T12:19:33.705+0545 [ERROR] [org.gradle.internal.buildevents.BuildExceptionReporter] 	at org.gradle.configuration.project.ConfigureActionsProjectEvaluator.evaluate(ConfigureActionsProjectEvaluator.java:35)
2026-05-01T12:19:33.705+0545 [ERROR] [org.gradle.internal.buildevents.BuildExceptionReporter] 	at org.gradle.configuration.project.LifecycleProjectEvaluator$EvaluateProject.lambda$run$0(LifecycleProjectEvaluator.java:109)
2026-05-01T12:19:33.705+0545 [ERROR] [org.gradle.internal.buildevents.BuildExceptionReporter] 	at org.gradle.api.internal.project.DefaultProjectStateRegistry$ProjectStateImpl.lambda$applyToMutableState$1(DefaultProjectStateRegistry.java:411)
2026-05-01T12:19:33.705+0545 [ERROR] [org.gradle.internal.buildevents.BuildExceptionReporter] 	at org.gradle.api.internal.project.DefaultProjectStateRegistry$ProjectStateImpl.lambda$fromMutableState$2(DefaultProjectStateRegistry.java:434)
2026-05-01T12:19:33.705+0545 [ERROR] [org.gradle.internal.buildevents.BuildExceptionReporter] 	at org.gradle.internal.work.DefaultWorkerLeaseService.withReplacedLocks(DefaultWorkerLeaseService.java:359)
2026-05-01T12:19:33.705+0545 [ERROR] [org.gradle.internal.buildevents.BuildExceptionReporter] 	at org.gradle.api.internal.project.DefaultProjectStateRegistry$ProjectStateImpl.fromMutableState(DefaultProjectStateRegistry.java:434)
2026-05-01T12:19:33.705+0545 [ERROR] [org.gradle.internal.buildevents.BuildExceptionReporter] 	at org.gradle.api.internal.project.DefaultProjectStateRegistry$ProjectStateImpl.applyToMutableState(DefaultProjectStateRegistry.java:410)
2026-05-01T12:19:33.705+0545 [ERROR] [org.gradle.internal.buildevents.BuildExceptionReporter] 	at org.gradle.configuration.project.LifecycleProjectEvaluator$EvaluateProject.run(LifecycleProjectEvaluator.java:100)
2026-05-01T12:19:33.705+0545 [ERROR] [org.gradle.internal.buildevents.BuildExceptionReporter] 	at org.gradle.internal.operations.DefaultBuildOperationRunner$1.execute(DefaultBuildOperationRunner.java:29)
2026-05-01T12:19:33.705+0545 [ERROR] [org.gradle.internal.buildevents.BuildExceptionReporter] 	at org.gradle.internal.operations.DefaultBuildOperationRunner$1.execute(DefaultBuildOperationRunner.java:26)
2026-05-01T12:19:33.706+0545 [ERROR] [org.gradle.internal.buildevents.BuildExceptionReporter] 	at org.gradle.internal.operations.DefaultBuildOperationRunner$2.execute(DefaultBuildOperationRunner.java:66)
2026-05-01T12:19:33.706+0545 [ERROR] [org.gradle.internal.buildevents.BuildExceptionReporter] 	at org.gradle.internal.operations.DefaultBuildOperationRunner$2.execute(DefaultBuildOperationRunner.java:59)
2026-05-01T12:19:33.706+0545 [ERROR] [org.gradle.internal.buildevents.BuildExceptionReporter] 	at org.gradle.internal.operations.DefaultBuildOperationRunner.execute(DefaultBuildOperationRunner.java:166)
2026-05-01T12:19:33.706+0545 [ERROR] [org.gradle.internal.buildevents.BuildExceptionReporter] 	at org.gradle.internal.operations.DefaultBuildOperationRunner.execute(DefaultBuildOperationRunner.java:59)
2026-05-01T12:19:33.706+0545 [ERROR] [org.gradle.internal.buildevents.BuildExceptionReporter] 	at org.gradle.internal.operations.DefaultBuildOperationRunner.run(DefaultBuildOperationRunner.java:47)
2026-05-01T12:19:33.706+0545 [ERROR] [org.gradle.internal.buildevents.BuildExceptionReporter] 	at org.gradle.configuration.project.LifecycleProjectEvaluator.evaluate(LifecycleProjectEvaluator.java:72)
2026-05-01T12:19:33.706+0545 [ERROR] [org.gradle.internal.buildevents.BuildExceptionReporter] 	at org.gradle.api.internal.project.DefaultProject.evaluateUnchecked(DefaultProject.java:828)
2026-05-01T12:19:33.706+0545 [ERROR] [org.gradle.internal.buildevents.BuildExceptionReporter] 	at org.gradle.api.internal.project.ProjectLifecycleController.lambda$ensureSelfConfigured$2(ProjectLifecycleController.java:85)
2026-05-01T12:19:33.706+0545 [ERROR] [org.gradle.internal.buildevents.BuildExceptionReporter] 	at org.gradle.internal.model.StateTransitionController.lambda$doTransition$14(StateTransitionController.java:255)
2026-05-01T12:19:33.706+0545 [ERROR] [org.gradle.internal.buildevents.BuildExceptionReporter] 	at org.gradle.internal.model.StateTransitionController.doTransition(StateTransitionController.java:266)
2026-05-01T12:19:33.707+0545 [ERROR] [org.gradle.internal.buildevents.BuildExceptionReporter] 	at org.gradle.internal.model.StateTransitionController.doTransition(StateTransitionController.java:254)
2026-05-01T12:19:33.707+0545 [ERROR] [org.gradle.internal.buildevents.BuildExceptionReporter] 	at org.gradle.internal.model.StateTransitionController.lambda$maybeTransitionIfNotCurrentlyTransitioning$10(StateTransitionController.java:199)
2026-05-01T12:19:33.707+0545 [ERROR] [org.gradle.internal.buildevents.BuildExceptionReporter] 	at org.gradle.internal.work.DefaultSynchronizer.withLock(DefaultSynchronizer.java:36)
2026-05-01T12:19:33.707+0545 [ERROR] [org.gradle.internal.buildevents.BuildExceptionReporter] 	at org.gradle.internal.model.StateTransitionController.maybeTransitionIfNotCurrentlyTransitioning(StateTransitionController.java:195)
2026-05-01T12:19:33.707+0545 [ERROR] [org.gradle.internal.buildevents.BuildExceptionReporter] 	at org.gradle.api.internal.project.ProjectLifecycleController.ensureSelfConfigured(ProjectLifecycleController.java:85)
2026-05-01T12:19:33.707+0545 [ERROR] [org.gradle.internal.buildevents.BuildExceptionReporter] 	at org.gradle.api.internal.project.DefaultProjectStateRegistry$ProjectStateImpl.ensureConfigured(DefaultProjectStateRegistry.java:385)
2026-05-01T12:19:33.707+0545 [ERROR] [org.gradle.internal.buildevents.BuildExceptionReporter] 	at org.gradle.execution.TaskPathProjectEvaluator.configure(TaskPathProjectEvaluator.java:42)
2026-05-01T12:19:33.707+0545 [ERROR] [org.gradle.internal.buildevents.BuildExceptionReporter] 	at org.gradle.execution.TaskPathProjectEvaluator.configureHierarchy(TaskPathProjectEvaluator.java:56)
2026-05-01T12:19:33.707+0545 [ERROR] [org.gradle.internal.buildevents.BuildExceptionReporter] 	at org.gradle.configuration.DefaultProjectsPreparer.prepareProjects(DefaultProjectsPreparer.java:50)
2026-05-01T12:19:33.707+0545 [ERROR] [org.gradle.internal.buildevents.BuildExceptionReporter] 	at org.gradle.configuration.BuildTreePreparingProjectsPreparer.prepareProjects(BuildTreePreparingProjectsPreparer.java:65)
2026-05-01T12:19:33.707+0545 [ERROR] [org.gradle.internal.buildevents.BuildExceptionReporter] 	at org.gradle.configuration.BuildOperationFiringProjectsPreparer$ConfigureBuild.run(BuildOperationFiringProjectsPreparer.java:52)
2026-05-01T12:19:33.707+0545 [ERROR] [org.gradle.internal.buildevents.BuildExceptionReporter] 	at org.gradle.internal.operations.DefaultBuildOperationRunner$1.execute(DefaultBuildOperationRunner.java:29)
2026-05-01T12:19:33.707+0545 [ERROR] [org.gradle.internal.buildevents.BuildExceptionReporter] 	at org.gradle.internal.operations.DefaultBuildOperationRunner$1.execute(DefaultBuildOperationRunner.java:26)
2026-05-01T12:19:33.707+0545 [ERROR] [org.gradle.internal.buildevents.BuildExceptionReporter] 	at org.gradle.internal.operations.DefaultBuildOperationRunner$2.execute(DefaultBuildOperationRunner.java:66)
2026-05-01T12:19:33.707+0545 [ERROR] [org.gradle.internal.buildevents.BuildExceptionReporter] 	at org.gradle.internal.operations.DefaultBuildOperationRunner$2.execute(DefaultBuildOperationRunner.java:59)
2026-05-01T12:19:33.707+0545 [ERROR] [org.gradle.internal.buildevents.BuildExceptionReporter] 	at org.gradle.internal.operations.DefaultBuildOperationRunner.execute(DefaultBuildOperationRunner.java:166)
2026-05-01T12:19:33.707+0545 [ERROR] [org.gradle.internal.buildevents.BuildExceptionReporter] 	at org.gradle.internal.operations.DefaultBuildOperationRunner.execute(DefaultBuildOperationRunner.java:59)
2026-05-01T12:19:33.707+0545 [ERROR] [org.gradle.internal.buildevents.BuildExceptionReporter] 	at org.gradle.internal.operations.DefaultBuildOperationRunner.run(DefaultBuildOperationRunner.java:47)
2026-05-01T12:19:33.708+0545 [ERROR] [org.gradle.internal.buildevents.BuildExceptionReporter] 	at org.gradle.configuration.BuildOperationFiringProjectsPreparer.prepareProjects(BuildOperationFiringProjectsPreparer.java:40)
2026-05-01T12:19:33.708+0545 [ERROR] [org.gradle.internal.buildevents.BuildExceptionReporter] 	at org.gradle.initialization.VintageBuildModelController.lambda$prepareProjects$2(VintageBuildModelController.java:84)
2026-05-01T12:19:33.708+0545 [ERROR] [org.gradle.internal.buildevents.BuildExceptionReporter] 	at org.gradle.internal.model.StateTransitionController.lambda$doTransition$14(StateTransitionController.java:255)
2026-05-01T12:19:33.708+0545 [ERROR] [org.gradle.internal.buildevents.BuildExceptionReporter] 	at org.gradle.internal.model.StateTransitionController.doTransition(StateTransitionController.java:266)
2026-05-01T12:19:33.708+0545 [ERROR] [org.gradle.internal.buildevents.BuildExceptionReporter] 	at org.gradle.internal.model.StateTransitionController.doTransition(StateTransitionController.java:254)
2026-05-01T12:19:33.708+0545 [ERROR] [org.gradle.internal.buildevents.BuildExceptionReporter] 	at org.gradle.internal.model.StateTransitionController.lambda$transitionIfNotPreviously$11(StateTransitionController.java:213)
2026-05-01T12:19:33.708+0545 [ERROR] [org.gradle.internal.buildevents.BuildExceptionReporter] 	at org.gradle.internal.work.DefaultSynchronizer.withLock(DefaultSynchronizer.java:36)
2026-05-01T12:19:33.708+0545 [ERROR] [org.gradle.internal.buildevents.BuildExceptionReporter] 	at org.gradle.internal.model.StateTransitionController.transitionIfNotPreviously(StateTransitionController.java:209)
2026-05-01T12:19:33.708+0545 [ERROR] [org.gradle.internal.buildevents.BuildExceptionReporter] 	at org.gradle.initialization.VintageBuildModelController.prepareProjects(VintageBuildModelController.java:84)
2026-05-01T12:19:33.708+0545 [ERROR] [org.gradle.internal.buildevents.BuildExceptionReporter] 	at org.gradle.initialization.VintageBuildModelController.prepareToScheduleTasks(VintageBuildModelController.java:71)
2026-05-01T12:19:33.708+0545 [ERROR] [org.gradle.internal.buildevents.BuildExceptionReporter] 	at org.gradle.internal.build.DefaultBuildLifecycleController.lambda$prepareToScheduleTasks$6(DefaultBuildLifecycleController.java:175)
2026-05-01T12:19:33.708+0545 [ERROR] [org.gradle.internal.buildevents.BuildExceptionReporter] 	at org.gradle.internal.model.StateTransitionController.lambda$doTransition$14(StateTransitionController.java:255)
2026-05-01T12:19:33.708+0545 [ERROR] [org.gradle.internal.buildevents.BuildExceptionReporter] 	at org.gradle.internal.model.StateTransitionController.doTransition(StateTransitionController.java:266)
2026-05-01T12:19:33.708+0545 [ERROR] [org.gradle.internal.buildevents.BuildExceptionReporter] 	at org.gradle.internal.model.StateTransitionController.doTransition(StateTransitionController.java:254)
2026-05-01T12:19:33.708+0545 [ERROR] [org.gradle.internal.buildevents.BuildExceptionReporter] 	at org.gradle.internal.model.StateTransitionController.lambda$maybeTransition$9(StateTransitionController.java:190)
2026-05-01T12:19:33.708+0545 [ERROR] [org.gradle.internal.buildevents.BuildExceptionReporter] 	at org.gradle.internal.work.DefaultSynchronizer.withLock(DefaultSynchronizer.java:36)
2026-05-01T12:19:33.708+0545 [ERROR] [org.gradle.internal.buildevents.BuildExceptionReporter] 	at org.gradle.internal.model.StateTransitionController.maybeTransition(StateTransitionController.java:186)
2026-05-01T12:19:33.708+0545 [ERROR] [org.gradle.internal.buildevents.BuildExceptionReporter] 	at org.gradle.internal.build.DefaultBuildLifecycleController.prepareToScheduleTasks(DefaultBuildLifecycleController.java:173)
2026-05-01T12:19:33.708+0545 [ERROR] [org.gradle.internal.buildevents.BuildExceptionReporter] 	at org.gradle.internal.buildtree.DefaultBuildTreeWorkPreparer.scheduleRequestedTasks(DefaultBuildTreeWorkPreparer.java:36)
2026-05-01T12:19:33.708+0545 [ERROR] [org.gradle.internal.buildevents.BuildExceptionReporter] 	at org.gradle.internal.cc.impl.VintageBuildTreeWorkController$scheduleAndRunRequestedTasks$1.apply(VintageBuildTreeWorkController.kt:36)
2026-05-01T12:19:33.708+0545 [ERROR] [org.gradle.internal.buildevents.BuildExceptionReporter] 	at org.gradle.internal.cc.impl.VintageBuildTreeWorkController$scheduleAndRunRequestedTasks$1.apply(VintageBuildTreeWorkController.kt:35)
2026-05-01T12:19:33.708+0545 [ERROR] [org.gradle.internal.buildevents.BuildExceptionReporter] 	at org.gradle.composite.internal.DefaultIncludedBuildTaskGraph.withNewWorkGraph(DefaultIncludedBuildTaskGraph.java:112)
2026-05-01T12:19:33.708+0545 [ERROR] [org.gradle.internal.buildevents.BuildExceptionReporter] 	at org.gradle.internal.cc.impl.VintageBuildTreeWorkController.scheduleAndRunRequestedTasks(VintageBuildTreeWorkController.kt:35)
2026-05-01T12:19:33.709+0545 [ERROR] [org.gradle.internal.buildevents.BuildExceptionReporter] 	at org.gradle.internal.buildtree.DefaultBuildTreeLifecycleController.lambda$scheduleAndRunTasks$1(DefaultBuildTreeLifecycleController.java:77)
2026-05-01T12:19:33.709+0545 [ERROR] [org.gradle.internal.buildevents.BuildExceptionReporter] 	at org.gradle.internal.buildtree.DefaultBuildTreeLifecycleController.lambda$runBuild$4(DefaultBuildTreeLifecycleController.java:120)
2026-05-01T12:19:33.709+0545 [ERROR] [org.gradle.internal.buildevents.BuildExceptionReporter] 	at org.gradle.internal.model.StateTransitionController.lambda$transition$6(StateTransitionController.java:169)
2026-05-01T12:19:33.709+0545 [ERROR] [org.gradle.internal.buildevents.BuildExceptionReporter] 	at org.gradle.internal.model.StateTransitionController.doTransition(StateTransitionController.java:266)
2026-05-01T12:19:33.709+0545 [ERROR] [org.gradle.internal.buildevents.BuildExceptionReporter] 	at org.gradle.internal.model.StateTransitionController.lambda$transition$7(StateTransitionController.java:169)
2026-05-01T12:19:33.709+0545 [ERROR] [org.gradle.internal.buildevents.BuildExceptionReporter] 	at org.gradle.internal.work.DefaultSynchronizer.withLock(DefaultSynchronizer.java:46)
2026-05-01T12:19:33.709+0545 [ERROR] [org.gradle.internal.buildevents.BuildExceptionReporter] 	at org.gradle.internal.model.StateTransitionController.transition(StateTransitionController.java:169)
2026-05-01T12:19:33.709+0545 [ERROR] [org.gradle.internal.buildevents.BuildExceptionReporter] 	at org.gradle.internal.buildtree.DefaultBuildTreeLifecycleController.runBuild(DefaultBuildTreeLifecycleController.java:117)
2026-05-01T12:19:33.709+0545 [ERROR] [org.gradle.internal.buildevents.BuildExceptionReporter] 	at org.gradle.internal.buildtree.DefaultBuildTreeLifecycleController.scheduleAndRunTasks(DefaultBuildTreeLifecycleController.java:77)
2026-05-01T12:19:33.709+0545 [ERROR] [org.gradle.internal.buildevents.BuildExceptionReporter] 	at org.gradle.internal.buildtree.DefaultBuildTreeLifecycleController.scheduleAndRunTasks(DefaultBuildTreeLifecycleController.java:72)
2026-05-01T12:19:33.709+0545 [ERROR] [org.gradle.internal.buildevents.BuildExceptionReporter] 	at org.gradle.tooling.internal.provider.ExecuteBuildActionRunner.run(ExecuteBuildActionRunner.java:31)
2026-05-01T12:19:33.709+0545 [ERROR] [org.gradle.internal.buildevents.BuildExceptionReporter] 	at org.gradle.launcher.exec.ChainingBuildActionRunner.run(ChainingBuildActionRunner.java:35)
2026-05-01T12:19:33.709+0545 [ERROR] [org.gradle.internal.buildevents.BuildExceptionReporter] 	at org.gradle.internal.buildtree.ProblemReportingBuildActionRunner.run(ProblemReportingBuildActionRunner.java:49)
2026-05-01T12:19:33.709+0545 [ERROR] [org.gradle.internal.buildevents.BuildExceptionReporter] 	at org.gradle.launcher.exec.BuildOutcomeReportingBuildActionRunner.run(BuildOutcomeReportingBuildActionRunner.java:71)
2026-05-01T12:19:33.709+0545 [ERROR] [org.gradle.internal.buildevents.BuildExceptionReporter] 	at org.gradle.tooling.internal.provider.FileSystemWatchingBuildActionRunner.run(FileSystemWatchingBuildActionRunner.java:135)
2026-05-01T12:19:33.709+0545 [ERROR] [org.gradle.internal.buildevents.BuildExceptionReporter] 	at org.gradle.launcher.exec.BuildCompletionNotifyingBuildActionRunner.run(BuildCompletionNotifyingBuildActionRunner.java:41)
2026-05-01T12:19:33.709+0545 [ERROR] [org.gradle.internal.buildevents.BuildExceptionReporter] 	at org.gradle.launcher.exec.RootBuildLifecycleBuildActionExecutor.lambda$execute$0(RootBuildLifecycleBuildActionExecutor.java:54)
2026-05-01T12:19:33.709+0545 [ERROR] [org.gradle.internal.buildevents.BuildExceptionReporter] 	at org.gradle.composite.internal.DefaultRootBuildState.run(DefaultRootBuildState.java:130)
2026-05-01T12:19:33.709+0545 [ERROR] [org.gradle.internal.buildevents.BuildExceptionReporter] 	at org.gradle.launcher.exec.RootBuildLifecycleBuildActionExecutor.execute(RootBuildLifecycleBuildActionExecutor.java:54)
2026-05-01T12:19:33.709+0545 [ERROR] [org.gradle.internal.buildevents.BuildExceptionReporter] 	at org.gradle.internal.buildtree.InitDeprecationLoggingActionExecutor.execute(InitDeprecationLoggingActionExecutor.java:62)
2026-05-01T12:19:33.709+0545 [ERROR] [org.gradle.internal.buildevents.BuildExceptionReporter] 	at org.gradle.internal.buildtree.InitProblems.execute(InitProblems.java:36)
2026-05-01T12:19:33.709+0545 [ERROR] [org.gradle.internal.buildevents.BuildExceptionReporter] 	at org.gradle.internal.buildtree.DefaultBuildTreeContext.execute(DefaultBuildTreeContext.java:40)
2026-05-01T12:19:33.709+0545 [ERROR] [org.gradle.internal.buildevents.BuildExceptionReporter] 	at org.gradle.launcher.exec.BuildTreeLifecycleBuildActionExecutor.lambda$execute$0(BuildTreeLifecycleBuildActionExecutor.java:71)
2026-05-01T12:19:33.709+0545 [ERROR] [org.gradle.internal.buildevents.BuildExceptionReporter] 	at org.gradle.internal.buildtree.BuildTreeState.run(BuildTreeState.java:60)
2026-05-01T12:19:33.709+0545 [ERROR] [org.gradle.internal.buildevents.BuildExceptionReporter] 	at org.gradle.launcher.exec.BuildTreeLifecycleBuildActionExecutor.execute(BuildTreeLifecycleBuildActionExecutor.java:71)
2026-05-01T12:19:33.709+0545 [ERROR] [org.gradle.internal.buildevents.BuildExceptionReporter] 	at org.gradle.launcher.exec.RunAsBuildOperationBuildActionExecutor$2.call(RunAsBuildOperationBuildActionExecutor.java:67)
2026-05-01T12:19:33.709+0545 [ERROR] [org.gradle.internal.buildevents.BuildExceptionReporter] 	at org.gradle.launcher.exec.RunAsBuildOperationBuildActionExecutor$2.call(RunAsBuildOperationBuildActionExecutor.java:63)
2026-05-01T12:19:33.709+0545 [ERROR] [org.gradle.internal.buildevents.BuildExceptionReporter] 	at org.gradle.internal.operations.DefaultBuildOperationRunner$CallableBuildOperationWorker.execute(DefaultBuildOperationRunner.java:209)
2026-05-01T12:19:33.709+0545 [ERROR] [org.gradle.internal.buildevents.BuildExceptionReporter] 	at org.gradle.internal.operations.DefaultBuildOperationRunner$CallableBuildOperationWorker.execute(DefaultBuildOperationRunner.java:204)
2026-05-01T12:19:33.709+0545 [ERROR] [org.gradle.internal.buildevents.BuildExceptionReporter] 	at org.gradle.internal.operations.DefaultBuildOperationRunner$2.execute(DefaultBuildOperationRunner.java:66)
2026-05-01T12:19:33.709+0545 [ERROR] [org.gradle.internal.buildevents.BuildExceptionReporter] 	at org.gradle.internal.operations.DefaultBuildOperationRunner$2.execute(DefaultBuildOperationRunner.java:59)
2026-05-01T12:19:33.710+0545 [ERROR] [org.gradle.internal.buildevents.BuildExceptionReporter] 	at org.gradle.internal.operations.DefaultBuildOperationRunner.execute(DefaultBuildOperationRunner.java:166)
2026-05-01T12:19:33.710+0545 [ERROR] [org.gradle.internal.buildevents.BuildExceptionReporter] 	at org.gradle.internal.operations.DefaultBuildOperationRunner.execute(DefaultBuildOperationRunner.java:59)
2026-05-01T12:19:33.710+0545 [ERROR] [org.gradle.internal.buildevents.BuildExceptionReporter] 	at org.gradle.internal.operations.DefaultBuildOperationRunner.call(DefaultBuildOperationRunner.java:53)
2026-05-01T12:19:33.710+0545 [ERROR] [org.gradle.internal.buildevents.BuildExceptionReporter] 	at org.gradle.launcher.exec.RunAsBuildOperationBuildActionExecutor.execute(RunAsBuildOperationBuildActionExecutor.java:63)
2026-05-01T12:19:33.710+0545 [ERROR] [org.gradle.internal.buildevents.BuildExceptionReporter] 	at org.gradle.launcher.exec.RunAsWorkerThreadBuildActionExecutor.lambda$execute$0(RunAsWorkerThreadBuildActionExecutor.java:36)
2026-05-01T12:19:33.710+0545 [ERROR] [org.gradle.internal.buildevents.BuildExceptionReporter] 	at org.gradle.internal.work.DefaultWorkerLeaseService.withLocks(DefaultWorkerLeaseService.java:263)
2026-05-01T12:19:33.710+0545 [ERROR] [org.gradle.internal.buildevents.BuildExceptionReporter] 	at org.gradle.internal.work.DefaultWorkerLeaseService.runAsWorkerThread(DefaultWorkerLeaseService.java:127)
2026-05-01T12:19:33.710+0545 [ERROR] [org.gradle.internal.buildevents.BuildExceptionReporter] 	at org.gradle.launcher.exec.RunAsWorkerThreadBuildActionExecutor.execute(RunAsWorkerThreadBuildActionExecutor.java:36)
2026-05-01T12:19:33.710+0545 [ERROR] [org.gradle.internal.buildevents.BuildExceptionReporter] 	at org.gradle.tooling.internal.provider.continuous.ContinuousBuildActionExecutor.execute(ContinuousBuildActionExecutor.java:110)
2026-05-01T12:19:33.710+0545 [ERROR] [org.gradle.internal.buildevents.BuildExceptionReporter] 	at org.gradle.tooling.internal.provider.SubscribableBuildActionExecutor.execute(SubscribableBuildActionExecutor.java:64)
2026-05-01T12:19:33.710+0545 [ERROR] [org.gradle.internal.buildevents.BuildExceptionReporter] 	at org.gradle.internal.session.DefaultBuildSessionContext.execute(DefaultBuildSessionContext.java:46)
2026-05-01T12:19:33.710+0545 [ERROR] [org.gradle.internal.buildevents.BuildExceptionReporter] 	at org.gradle.internal.buildprocess.execution.BuildSessionLifecycleBuildActionExecutor$ActionImpl.apply(BuildSessionLifecycleBuildActionExecutor.java:92)
2026-05-01T12:19:33.710+0545 [ERROR] [org.gradle.internal.buildevents.BuildExceptionReporter] 	at org.gradle.internal.buildprocess.execution.BuildSessionLifecycleBuildActionExecutor$ActionImpl.apply(BuildSessionLifecycleBuildActionExecutor.java:80)
2026-05-01T12:19:33.710+0545 [ERROR] [org.gradle.internal.buildevents.BuildExceptionReporter] 	at org.gradle.internal.session.BuildSessionState.run(BuildSessionState.java:71)
2026-05-01T12:19:33.710+0545 [ERROR] [org.gradle.internal.buildevents.BuildExceptionReporter] 	at org.gradle.internal.buildprocess.execution.BuildSessionLifecycleBuildActionExecutor.execute(BuildSessionLifecycleBuildActionExecutor.java:62)
2026-05-01T12:19:33.710+0545 [ERROR] [org.gradle.internal.buildevents.BuildExceptionReporter] 	at org.gradle.internal.buildprocess.execution.BuildSessionLifecycleBuildActionExecutor.execute(BuildSessionLifecycleBuildActionExecutor.java:41)
2026-05-01T12:19:33.710+0545 [ERROR] [org.gradle.internal.buildevents.BuildExceptionReporter] 	at org.gradle.internal.buildprocess.execution.StartParamsValidatingActionExecutor.execute(StartParamsValidatingActionExecutor.java:64)
2026-05-01T12:19:33.710+0545 [ERROR] [org.gradle.internal.buildevents.BuildExceptionReporter] 	at org.gradle.internal.buildprocess.execution.StartParamsValidatingActionExecutor.execute(StartParamsValidatingActionExecutor.java:32)
2026-05-01T12:19:33.710+0545 [ERROR] [org.gradle.internal.buildevents.BuildExceptionReporter] 	at org.gradle.internal.buildprocess.execution.SessionFailureReportingActionExecutor.execute(SessionFailureReportingActionExecutor.java:51)
2026-05-01T12:19:33.710+0545 [ERROR] [org.gradle.internal.buildevents.BuildExceptionReporter] 	at org.gradle.internal.buildprocess.execution.SessionFailureReportingActionExecutor.execute(SessionFailureReportingActionExecutor.java:39)
2026-05-01T12:19:33.710+0545 [ERROR] [org.gradle.internal.buildevents.BuildExceptionReporter] 	at org.gradle.internal.buildprocess.execution.SetupLoggingActionExecutor.execute(SetupLoggingActionExecutor.java:47)
2026-05-01T12:19:33.710+0545 [ERROR] [org.gradle.internal.buildevents.BuildExceptionReporter] 	at org.gradle.internal.buildprocess.execution.SetupLoggingActionExecutor.execute(SetupLoggingActionExecutor.java:31)
2026-05-01T12:19:33.710+0545 [ERROR] [org.gradle.internal.buildevents.BuildExceptionReporter] 	at org.gradle.launcher.daemon.server.exec.ExecuteBuild.doBuild(ExecuteBuild.java:70)
2026-05-01T12:19:33.710+0545 [ERROR] [org.gradle.internal.buildevents.BuildExceptionReporter] 	at org.gradle.launcher.daemon.server.exec.BuildCommandOnly.execute(BuildCommandOnly.java:37)
2026-05-01T12:19:33.710+0545 [ERROR] [org.gradle.internal.buildevents.BuildExceptionReporter] 	at org.gradle.launcher.daemon.server.api.DaemonCommandExecution.proceed(DaemonCommandExecution.java:104)
2026-05-01T12:19:33.710+0545 [ERROR] [org.gradle.internal.buildevents.BuildExceptionReporter] 	at org.gradle.launcher.daemon.server.exec.WatchForDisconnection.execute(WatchForDisconnection.java:39)
2026-05-01T12:19:33.710+0545 [ERROR] [org.gradle.internal.buildevents.BuildExceptionReporter] 	at org.gradle.launcher.daemon.server.api.DaemonCommandExecution.proceed(DaemonCommandExecution.java:104)
2026-05-01T12:19:33.710+0545 [ERROR] [org.gradle.internal.buildevents.BuildExceptionReporter] 	at org.gradle.launcher.daemon.server.exec.ResetDeprecationLogger.execute(ResetDeprecationLogger.java:29)
2026-05-01T12:19:33.710+0545 [ERROR] [org.gradle.internal.buildevents.BuildExceptionReporter] 	at org.gradle.launcher.daemon.server.api.DaemonCommandExecution.proceed(DaemonCommandExecution.java:104)
2026-05-01T12:19:33.710+0545 [ERROR] [org.gradle.internal.buildevents.BuildExceptionReporter] 	at org.gradle.launcher.daemon.server.exec.RequestStopIfSingleUsedDaemon.execute(RequestStopIfSingleUsedDaemon.java:35)
2026-05-01T12:19:33.710+0545 [ERROR] [org.gradle.internal.buildevents.BuildExceptionReporter] 	at org.gradle.launcher.daemon.server.api.DaemonCommandExecution.proceed(DaemonCommandExecution.java:104)
2026-05-01T12:19:33.711+0545 [ERROR] [org.gradle.internal.buildevents.BuildExceptionReporter] 	at org.gradle.launcher.daemon.server.exec.ForwardClientInput.lambda$execute$0(ForwardClientInput.java:40)
2026-05-01T12:19:33.711+0545 [ERROR] [org.gradle.internal.buildevents.BuildExceptionReporter] 	at org.gradle.internal.daemon.clientinput.ClientInputForwarder.forwardInput(ClientInputForwarder.java:80)
2026-05-01T12:19:33.711+0545 [ERROR] [org.gradle.internal.buildevents.BuildExceptionReporter] 	at org.gradle.launcher.daemon.server.exec.ForwardClientInput.execute(ForwardClientInput.java:37)
2026-05-01T12:19:33.711+0545 [ERROR] [org.gradle.internal.buildevents.BuildExceptionReporter] 	at org.gradle.launcher.daemon.server.api.DaemonCommandExecution.proceed(DaemonCommandExecution.java:104)
2026-05-01T12:19:33.711+0545 [ERROR] [org.gradle.internal.buildevents.BuildExceptionReporter] 	at org.gradle.launcher.daemon.server.exec.LogAndCheckHealth.execute(LogAndCheckHealth.java:64)
2026-05-01T12:19:33.711+0545 [ERROR] [org.gradle.internal.buildevents.BuildExceptionReporter] 	at org.gradle.launcher.daemon.server.api.DaemonCommandExecution.proceed(DaemonCommandExecution.java:104)
2026-05-01T12:19:33.711+0545 [ERROR] [org.gradle.internal.buildevents.BuildExceptionReporter] 	at org.gradle.launcher.daemon.server.exec.LogToClient.doBuild(LogToClient.java:63)
2026-05-01T12:19:33.711+0545 [ERROR] [org.gradle.internal.buildevents.BuildExceptionReporter] 	at org.gradle.launcher.daemon.server.exec.BuildCommandOnly.execute(BuildCommandOnly.java:37)
2026-05-01T12:19:33.711+0545 [ERROR] [org.gradle.internal.buildevents.BuildExceptionReporter] 	at org.gradle.launcher.daemon.server.api.DaemonCommandExecution.proceed(DaemonCommandExecution.java:104)
2026-05-01T12:19:33.711+0545 [ERROR] [org.gradle.internal.buildevents.BuildExceptionReporter] 	at org.gradle.launcher.daemon.server.exec.EstablishBuildEnvironment.doBuild(EstablishBuildEnvironment.java:84)
2026-05-01T12:19:33.711+0545 [ERROR] [org.gradle.internal.buildevents.BuildExceptionReporter] 	at org.gradle.launcher.daemon.server.exec.BuildCommandOnly.execute(BuildCommandOnly.java:37)
2026-05-01T12:19:33.711+0545 [ERROR] [org.gradle.internal.buildevents.BuildExceptionReporter] 	at org.gradle.launcher.daemon.server.api.DaemonCommandExecution.proceed(DaemonCommandExecution.java:104)
2026-05-01T12:19:33.711+0545 [ERROR] [org.gradle.internal.buildevents.BuildExceptionReporter] 	at org.gradle.launcher.daemon.server.exec.StartBuildOrRespondWithBusy$1.run(StartBuildOrRespondWithBusy.java:52)
2026-05-01T12:19:33.711+0545 [ERROR] [org.gradle.internal.buildevents.BuildExceptionReporter] 	at org.gradle.launcher.daemon.server.DaemonStateCoordinator.lambda$runCommand$0(DaemonStateCoordinator.java:321)
2026-05-01T12:19:33.711+0545 [ERROR] [org.gradle.internal.buildevents.BuildExceptionReporter] 	at org.gradle.internal.concurrent.ExecutorPolicy$CatchAndRecordFailures.onExecute(ExecutorPolicy.java:64)
2026-05-01T12:19:33.711+0545 [ERROR] [org.gradle.internal.buildevents.BuildExceptionReporter] 	at org.gradle.internal.concurrent.AbstractManagedExecutor$1.run(AbstractManagedExecutor.java:48)
2026-05-01T12:19:33.711+0545 [ERROR] [org.gradle.internal.buildevents.BuildExceptionReporter] Caused by: org.gradle.internal.resolve.ModuleVersionResolveException: Could not resolve net.fabricmc:fabric-loom:1.10.5.
2026-05-01T12:19:33.711+0545 [ERROR] [org.gradle.internal.buildevents.BuildExceptionReporter] Required by:
2026-05-01T12:19:33.711+0545 [ERROR] [org.gradle.internal.buildevents.BuildExceptionReporter]     root project :
2026-05-01T12:19:33.711+0545 [ERROR] [org.gradle.internal.buildevents.BuildExceptionReporter] Caused by: org.gradle.internal.component.resolution.failure.exception.VariantSelectionByAttributesException: Dependency requires at least JVM runtime version 17. This build uses a Java 8 JVM.
2026-05-01T12:19:33.711+0545 [ERROR] [org.gradle.internal.buildevents.BuildExceptionReporter] 	at org.gradle.api.internal.artifacts.dsl.dependencies.TargetJVMVersionOnPluginTooNewFailureDescriber.describeFailure(TargetJVMVersionOnPluginTooNewFailureDescriber.java:63)
2026-05-01T12:19:33.711+0545 [ERROR] [org.gradle.internal.buildevents.BuildExceptionReporter] 	at org.gradle.api.internal.artifacts.dsl.dependencies.TargetJVMVersionOnPluginTooNewFailureDescriber.describeFailure(TargetJVMVersionOnPluginTooNewFailureDescriber.java:42)
2026-05-01T12:19:33.711+0545 [ERROR] [org.gradle.internal.buildevents.BuildExceptionReporter] 	at org.gradle.internal.component.resolution.failure.ResolutionFailureHandler.lambda$describeFailure$3(ResolutionFailureHandler.java:275)
2026-05-01T12:19:33.711+0545 [ERROR] [org.gradle.internal.buildevents.BuildExceptionReporter] 	at org.gradle.internal.component.resolution.failure.ResolutionFailureHandler.describeFailure(ResolutionFailureHandler.java:275)
2026-05-01T12:19:33.711+0545 [ERROR] [org.gradle.internal.buildevents.BuildExceptionReporter] 	at org.gradle.internal.component.resolution.failure.ResolutionFailureHandler.noCompatibleVariantsFailure(ResolutionFailureHandler.java:173)
2026-05-01T12:19:33.711+0545 [ERROR] [org.gradle.internal.buildevents.BuildExceptionReporter] 	at org.gradle.internal.component.model.GraphVariantSelector.selectByAttributeMatching(GraphVariantSelector.java:94)
2026-05-01T12:19:33.711+0545 [ERROR] [org.gradle.internal.buildevents.BuildExceptionReporter] 	at org.gradle.internal.component.model.LocalComponentDependencyMetadata.selectVariants(LocalComponentDependencyMetadata.java:110)
2026-05-01T12:19:33.711+0545 [ERROR] [org.gradle.internal.buildevents.BuildExceptionReporter] 	at org.gradle.internal.component.model.DelegatingDependencyMetadata.selectVariants(DelegatingDependencyMetadata.java:46)
2026-05-01T12:19:33.711+0545 [ERROR] [org.gradle.internal.buildevents.BuildExceptionReporter] 	at org.gradle.api.internal.artifacts.ivyservice.resolveengine.graph.builder.EdgeState.calculateTargetNodes(EdgeState.java:257)
2026-05-01T12:19:33.711+0545 [ERROR] [org.gradle.internal.buildevents.BuildExceptionReporter] 	at org.gradle.api.internal.artifacts.ivyservice.resolveengine.graph.builder.EdgeState.attachToTargetNodes(EdgeState.java:148)
2026-05-01T12:19:33.711+0545 [ERROR] [org.gradle.internal.buildevents.BuildExceptionReporter] 	at org.gradle.api.internal.artifacts.ivyservice.resolveengine.graph.builder.DependencyGraphBuilder.attachToTargetRevisionsSerially(DependencyGraphBuilder.java:387)
2026-05-01T12:19:33.711+0545 [ERROR] [org.gradle.internal.buildevents.BuildExceptionReporter] 	at org.gradle.api.internal.artifacts.ivyservice.resolveengine.graph.builder.DependencyGraphBuilder.resolveEdges(DependencyGraphBuilder.java:277)
2026-05-01T12:19:33.711+0545 [ERROR] [org.gradle.internal.buildevents.BuildExceptionReporter] 	at org.gradle.api.internal.artifacts.ivyservice.resolveengine.graph.builder.DependencyGraphBuilder.traverseGraph(DependencyGraphBuilder.java:202)
2026-05-01T12:19:33.711+0545 [ERROR] [org.gradle.internal.buildevents.BuildExceptionReporter] 	at org.gradle.api.internal.artifacts.ivyservice.resolveengine.graph.builder.DependencyGraphBuilder.resolve(DependencyGraphBuilder.java:161)
2026-05-01T12:19:33.712+0545 [ERROR] [org.gradle.internal.buildevents.BuildExceptionReporter] 	at org.gradle.api.internal.artifacts.ivyservice.resolveengine.DependencyGraphResolver.resolve(DependencyGraphResolver.java:117)
2026-05-01T12:19:33.712+0545 [ERROR] [org.gradle.internal.buildevents.BuildExceptionReporter] 	at org.gradle.api.internal.artifacts.ivyservice.ResolutionExecutor.doResolve(ResolutionExecutor.java:519)
2026-05-01T12:19:33.712+0545 [ERROR] [org.gradle.internal.buildevents.BuildExceptionReporter] 	at org.gradle.api.internal.artifacts.ivyservice.ResolutionExecutor.resolveGraph(ResolutionExecutor.java:374)
2026-05-01T12:19:33.712+0545 [ERROR] [org.gradle.internal.buildevents.BuildExceptionReporter] 	at org.gradle.api.internal.artifacts.ivyservice.ShortCircuitingResolutionExecutor.resolveGraph(ShortCircuitingResolutionExecutor.java:96)
2026-05-01T12:19:33.712+0545 [ERROR] [org.gradle.internal.buildevents.BuildExceptionReporter] 	at org.gradle.api.internal.artifacts.ivyservice.DefaultConfigurationResolver.resolveGraph(DefaultConfigurationResolver.java:105)
2026-05-01T12:19:33.712+0545 [ERROR] [org.gradle.internal.buildevents.BuildExceptionReporter] 	at org.gradle.api.internal.artifacts.configurations.DefaultConfiguration$1.call(DefaultConfiguration.java:777)
2026-05-01T12:19:33.712+0545 [ERROR] [org.gradle.internal.buildevents.BuildExceptionReporter] 	at org.gradle.api.internal.artifacts.configurations.DefaultConfiguration$1.call(DefaultConfiguration.java:769)
2026-05-01T12:19:33.712+0545 [ERROR] [org.gradle.internal.buildevents.BuildExceptionReporter] 	at org.gradle.internal.operations.DefaultBuildOperationRunner$CallableBuildOperationWorker.execute(DefaultBuildOperationRunner.java:209)
2026-05-01T12:19:33.712+0545 [ERROR] [org.gradle.internal.buildevents.BuildExceptionReporter] 	at org.gradle.internal.operations.DefaultBuildOperationRunner$CallableBuildOperationWorker.execute(DefaultBuildOperationRunner.java:204)
2026-05-01T12:19:33.712+0545 [ERROR] [org.gradle.internal.buildevents.BuildExceptionReporter] 	at org.gradle.internal.operations.DefaultBuildOperationRunner$2.execute(DefaultBuildOperationRunner.java:66)
2026-05-01T12:19:33.712+0545 [ERROR] [org.gradle.internal.buildevents.BuildExceptionReporter] 	at org.gradle.internal.operations.DefaultBuildOperationRunner$2.execute(DefaultBuildOperationRunner.java:59)
2026-05-01T12:19:33.712+0545 [ERROR] [org.gradle.internal.buildevents.BuildExceptionReporter] 	at org.gradle.internal.operations.DefaultBuildOperationRunner.execute(DefaultBuildOperationRunner.java:166)
2026-05-01T12:19:33.712+0545 [ERROR] [org.gradle.internal.buildevents.BuildExceptionReporter] 	at org.gradle.internal.operations.DefaultBuildOperationRunner.execute(DefaultBuildOperationRunner.java:59)
2026-05-01T12:19:33.712+0545 [ERROR] [org.gradle.internal.buildevents.BuildExceptionReporter] 	at org.gradle.internal.operations.DefaultBuildOperationRunner.call(DefaultBuildOperationRunner.java:53)
2026-05-01T12:19:33.712+0545 [ERROR] [org.gradle.internal.buildevents.BuildExceptionReporter] 	at org.gradle.api.internal.artifacts.configurations.DefaultConfiguration.resolveGraphInBuildOperation(DefaultConfiguration.java:769)
2026-05-01T12:19:33.712+0545 [ERROR] [org.gradle.internal.buildevents.BuildExceptionReporter] 	at org.gradle.api.internal.artifacts.configurations.DefaultConfiguration.lambda$resolveExclusivelyIfRequired$5(DefaultConfiguration.java:761)
2026-05-01T12:19:33.712+0545 [ERROR] [org.gradle.internal.buildevents.BuildExceptionReporter] 	at org.gradle.api.internal.initialization.StandaloneDomainObjectContext$CalculatedModelValueImpl.update(StandaloneDomainObjectContext.java:229)
2026-05-01T12:19:33.712+0545 [ERROR] [org.gradle.internal.buildevents.BuildExceptionReporter] 	at org.gradle.api.internal.artifacts.configurations.DefaultConfiguration.resolveExclusivelyIfRequired(DefaultConfiguration.java:756)
2026-05-01T12:19:33.712+0545 [ERROR] [org.gradle.internal.buildevents.BuildExceptionReporter] 	at org.gradle.api.internal.artifacts.configurations.DefaultConfiguration.resolveGraphIfRequired(DefaultConfiguration.java:749)
2026-05-01T12:19:33.712+0545 [ERROR] [org.gradle.internal.buildevents.BuildExceptionReporter] 	at org.gradle.api.internal.artifacts.configurations.DefaultConfiguration.access$900(DefaultConfiguration.java:159)
2026-05-01T12:19:33.712+0545 [ERROR] [org.gradle.internal.buildevents.BuildExceptionReporter] 	at org.gradle.api.internal.artifacts.configurations.DefaultConfiguration$ResolverResultsResolutionResultProvider.getValue(DefaultConfiguration.java:722)
2026-05-01T12:19:33.712+0545 [ERROR] [org.gradle.internal.buildevents.BuildExceptionReporter] 	at org.gradle.api.internal.artifacts.configurations.DefaultConfiguration$ResolverResultsResolutionResultProvider.getValue(DefaultConfiguration.java:708)
2026-05-01T12:19:33.712+0545 [ERROR] [org.gradle.internal.buildevents.BuildExceptionReporter] 	at org.gradle.api.internal.artifacts.configurations.ResolutionResultProvider$1.getValue(ResolutionResultProvider.java:54)
2026-05-01T12:19:33.712+0545 [ERROR] [org.gradle.internal.buildevents.BuildExceptionReporter] 	at org.gradle.api.internal.artifacts.configurations.ResolutionResultProviderBackedSelectedArtifactSet.visitArtifacts(ResolutionResultProviderBackedSelectedArtifactSet.java:50)
2026-05-01T12:19:33.712+0545 [ERROR] [org.gradle.internal.buildevents.BuildExceptionReporter] 	at org.gradle.api.internal.artifacts.configurations.DefaultArtifactCollection.lambda$new$0(DefaultArtifactCollection.java:46)
2026-05-01T12:19:33.712+0545 [ERROR] [org.gradle.internal.buildevents.BuildExceptionReporter] 	at org.gradle.internal.model.CalculatedValueContainerFactory$SupplierBackedCalculator.calculateValue(CalculatedValueContainerFactory.java:69)
2026-05-01T12:19:33.713+0545 [ERROR] [org.gradle.internal.buildevents.BuildExceptionReporter] 	at org.gradle.internal.model.CalculatedValueContainer$CalculationState.lambda$attachValue$0(CalculatedValueContainer.java:229)
2026-05-01T12:19:33.713+0545 [ERROR] [org.gradle.internal.buildevents.BuildExceptionReporter] 	at org.gradle.internal.Try.ofFailable(Try.java:50)
2026-05-01T12:19:33.713+0545 [ERROR] [org.gradle.internal.buildevents.BuildExceptionReporter] 	at org.gradle.internal.model.CalculatedValueContainer$CalculationState.attachValue(CalculatedValueContainer.java:224)
2026-05-01T12:19:33.713+0545 [ERROR] [org.gradle.internal.buildevents.BuildExceptionReporter] 	at org.gradle.internal.model.CalculatedValueContainer.finalizeIfNotAlready(CalculatedValueContainer.java:195)
2026-05-01T12:19:33.713+0545 [ERROR] [org.gradle.internal.buildevents.BuildExceptionReporter] 	at org.gradle.internal.model.CalculatedValueContainer.finalizeIfNotAlready(CalculatedValueContainer.java:186)
2026-05-01T12:19:33.713+0545 [ERROR] [org.gradle.internal.buildevents.BuildExceptionReporter] 	at org.gradle.api.internal.artifacts.configurations.DefaultArtifactCollection.ensureResolved(DefaultArtifactCollection.java:103)
2026-05-01T12:19:33.713+0545 [ERROR] [org.gradle.internal.buildevents.BuildExceptionReporter] 	at org.gradle.api.internal.artifacts.configurations.DefaultArtifactCollection.getArtifacts(DefaultArtifactCollection.java:75)
2026-05-01T12:19:33.713+0545 [ERROR] [org.gradle.internal.buildevents.BuildExceptionReporter] 	at org.gradle.api.internal.initialization.transform.utils.InstrumentationClasspathMerger.mergeToClasspath(InstrumentationClasspathMerger.java:52)
2026-05-01T12:19:33.713+0545 [ERROR] [org.gradle.internal.buildevents.BuildExceptionReporter] 	at org.gradle.api.internal.initialization.DefaultScriptClassPathResolver.resolveClassPath(DefaultScriptClassPathResolver.java:155)
2026-05-01T12:19:33.713+0545 [ERROR] [org.gradle.internal.buildevents.BuildExceptionReporter] 	at org.gradle.api.internal.initialization.DefaultBuildLogicBuilder.lambda$resolveClassPath$0(DefaultBuildLogicBuilder.java:64)
2026-05-01T12:19:33.713+0545 [ERROR] [org.gradle.internal.buildevents.BuildExceptionReporter] 	at org.gradle.api.internal.initialization.DefaultBuildLogicBuildQueue.build(DefaultBuildLogicBuildQueue.java:56)
2026-05-01T12:19:33.713+0545 [ERROR] [org.gradle.internal.buildevents.BuildExceptionReporter] 	at org.gradle.api.internal.initialization.DefaultBuildLogicBuilder.resolveClassPath(DefaultBuildLogicBuilder.java:61)
2026-05-01T12:19:33.713+0545 [ERROR] [org.gradle.internal.buildevents.BuildExceptionReporter] 	at org.gradle.api.internal.initialization.DefaultScriptHandler.lambda$getInstrumentedScriptClassPath$0(DefaultScriptHandler.java:109)
2026-05-01T12:19:33.713+0545 [ERROR] [org.gradle.internal.buildevents.BuildExceptionReporter] 	at org.gradle.api.internal.artifacts.configurations.DefaultConfiguration.callAndResetResolutionState(DefaultConfiguration.java:919)
2026-05-01T12:19:33.713+0545 [ERROR] [org.gradle.internal.buildevents.BuildExceptionReporter] 	at org.gradle.api.internal.initialization.DefaultScriptHandler.getInstrumentedScriptClassPath(DefaultScriptHandler.java:113)
2026-05-01T12:19:33.713+0545 [ERROR] [org.gradle.internal.buildevents.BuildExceptionReporter] 	at org.gradle.plugin.use.internal.DefaultPluginRequestApplicator.applyPlugins(DefaultPluginRequestApplicator.java:86)
2026-05-01T12:19:33.714+0545 [ERROR] [org.gradle.internal.buildevents.BuildExceptionReporter] 	at org.gradle.configuration.DefaultScriptPluginFactory$ScriptPluginImpl.apply(DefaultScriptPluginFactory.java:123)
2026-05-01T12:19:33.714+0545 [ERROR] [org.gradle.internal.buildevents.BuildExceptionReporter] 	at org.gradle.configuration.BuildOperationScriptPlugin$1.run(BuildOperationScriptPlugin.java:68)
2026-05-01T12:19:33.714+0545 [ERROR] [org.gradle.internal.buildevents.BuildExceptionReporter] 	at org.gradle.internal.operations.DefaultBuildOperationRunner$1.execute(DefaultBuildOperationRunner.java:29)
2026-05-01T12:19:33.714+0545 [ERROR] [org.gradle.internal.buildevents.BuildExceptionReporter] 	at org.gradle.internal.operations.DefaultBuildOperationRunner$1.execute(DefaultBuildOperationRunner.java:26)
2026-05-01T12:19:33.714+0545 [ERROR] [org.gradle.internal.buildevents.BuildExceptionReporter] 	at org.gradle.internal.operations.DefaultBuildOperationRunner$2.execute(DefaultBuildOperationRunner.java:66)
2026-05-01T12:19:33.714+0545 [ERROR] [org.gradle.internal.buildevents.BuildExceptionReporter] 	at org.gradle.internal.operations.DefaultBuildOperationRunner$2.execute(DefaultBuildOperationRunner.java:59)
2026-05-01T12:19:33.714+0545 [ERROR] [org.gradle.internal.buildevents.BuildExceptionReporter] 	at org.gradle.internal.operations.DefaultBuildOperationRunner.execute(DefaultBuildOperationRunner.java:166)
2026-05-01T12:19:33.714+0545 [ERROR] [org.gradle.internal.buildevents.BuildExceptionReporter] 	at org.gradle.internal.operations.DefaultBuildOperationRunner.execute(DefaultBuildOperationRunner.java:59)
2026-05-01T12:19:33.714+0545 [ERROR] [org.gradle.internal.buildevents.BuildExceptionReporter] 	at org.gradle.internal.operations.DefaultBuildOperationRunner.run(DefaultBuildOperationRunner.java:47)
2026-05-01T12:19:33.714+0545 [ERROR] [org.gradle.internal.buildevents.BuildExceptionReporter] 	at org.gradle.configuration.BuildOperationScriptPlugin.lambda$apply$0(BuildOperationScriptPlugin.java:65)
2026-05-01T12:19:33.714+0545 [ERROR] [org.gradle.internal.buildevents.BuildExceptionReporter] 	at org.gradle.internal.code.DefaultUserCodeApplicationContext.apply(DefaultUserCodeApplicationContext.java:44)
2026-05-01T12:19:33.714+0545 [ERROR] [org.gradle.internal.buildevents.BuildExceptionReporter] 	at org.gradle.configuration.BuildOperationScriptPlugin.apply(BuildOperationScriptPlugin.java:65)
2026-05-01T12:19:33.714+0545 [ERROR] [org.gradle.internal.buildevents.BuildExceptionReporter] 	at org.gradle.api.internal.project.DefaultProjectStateRegistry$ProjectStateImpl.lambda$applyToMutableState$1(DefaultProjectStateRegistry.java:411)
2026-05-01T12:19:33.714+0545 [ERROR] [org.gradle.internal.buildevents.BuildExceptionReporter] 	at org.gradle.api.internal.project.DefaultProjectStateRegistry$ProjectStateImpl.fromMutableState(DefaultProjectStateRegistry.java:429)
2026-05-01T12:19:33.714+0545 [ERROR] [org.gradle.internal.buildevents.BuildExceptionReporter] 	at org.gradle.api.internal.project.DefaultProjectStateRegistry$ProjectStateImpl.applyToMutableState(DefaultProjectStateRegistry.java:410)
2026-05-01T12:19:33.714+0545 [ERROR] [org.gradle.internal.buildevents.BuildExceptionReporter] 	at org.gradle.configuration.project.BuildScriptProcessor.execute(BuildScriptProcessor.java:46)
2026-05-01T12:19:33.714+0545 [ERROR] [org.gradle.internal.buildevents.BuildExceptionReporter] 	at org.gradle.configuration.project.BuildScriptProcessor.execute(BuildScriptProcessor.java:27)
2026-05-01T12:19:33.714+0545 [ERROR] [org.gradle.internal.buildevents.BuildExceptionReporter] 	at org.gradle.configuration.project.ConfigureActionsProjectEvaluator.evaluate(ConfigureActionsProjectEvaluator.java:35)
2026-05-01T12:19:33.714+0545 [ERROR] [org.gradle.internal.buildevents.BuildExceptionReporter] 	at org.gradle.configuration.project.LifecycleProjectEvaluator$EvaluateProject.lambda$run$0(LifecycleProjectEvaluator.java:109)
2026-05-01T12:19:33.714+0545 [ERROR] [org.gradle.internal.buildevents.BuildExceptionReporter] 	at org.gradle.api.internal.project.DefaultProjectStateRegistry$ProjectStateImpl.lambda$applyToMutableState$1(DefaultProjectStateRegistry.java:411)
2026-05-01T12:19:33.714+0545 [ERROR] [org.gradle.internal.buildevents.BuildExceptionReporter] 	at org.gradle.api.internal.project.DefaultProjectStateRegistry$ProjectStateImpl.lambda$fromMutableState$2(DefaultProjectStateRegistry.java:434)
2026-05-01T12:19:33.714+0545 [ERROR] [org.gradle.internal.buildevents.BuildExceptionReporter] 	at org.gradle.internal.work.DefaultWorkerLeaseService.withReplacedLocks(DefaultWorkerLeaseService.java:359)
2026-05-01T12:19:33.714+0545 [ERROR] [org.gradle.internal.buildevents.BuildExceptionReporter] 	at org.gradle.api.internal.project.DefaultProjectStateRegistry$ProjectStateImpl.fromMutableState(DefaultProjectStateRegistry.java:434)
2026-05-01T12:19:33.714+0545 [ERROR] [org.gradle.internal.buildevents.BuildExceptionReporter] 	at org.gradle.api.internal.project.DefaultProjectStateRegistry$ProjectStateImpl.applyToMutableState(DefaultProjectStateRegistry.java:410)
2026-05-01T12:19:33.714+0545 [ERROR] [org.gradle.internal.buildevents.BuildExceptionReporter] 	at org.gradle.configuration.project.LifecycleProjectEvaluator$EvaluateProject.run(LifecycleProjectEvaluator.java:100)
2026-05-01T12:19:33.714+0545 [ERROR] [org.gradle.internal.buildevents.BuildExceptionReporter] 	at org.gradle.internal.operations.DefaultBuildOperationRunner$1.execute(DefaultBuildOperationRunner.java:29)
2026-05-01T12:19:33.714+0545 [ERROR] [org.gradle.internal.buildevents.BuildExceptionReporter] 	at org.gradle.internal.operations.DefaultBuildOperationRunner$1.execute(DefaultBuildOperationRunner.java:26)
2026-05-01T12:19:33.714+0545 [ERROR] [org.gradle.internal.buildevents.BuildExceptionReporter] 	at org.gradle.internal.operations.DefaultBuildOperationRunner$2.execute(DefaultBuildOperationRunner.java:66)
2026-05-01T12:19:33.714+0545 [ERROR] [org.gradle.internal.buildevents.BuildExceptionReporter] 	at org.gradle.internal.operations.DefaultBuildOperationRunner$2.execute(DefaultBuildOperationRunner.java:59)
2026-05-01T12:19:33.714+0545 [ERROR] [org.gradle.internal.buildevents.BuildExceptionReporter] 	at org.gradle.internal.operations.DefaultBuildOperationRunner.execute(DefaultBuildOperationRunner.java:166)
2026-05-01T12:19:33.714+0545 [ERROR] [org.gradle.internal.buildevents.BuildExceptionReporter] 	at org.gradle.internal.operations.DefaultBuildOperationRunner.execute(DefaultBuildOperationRunner.java:59)
2026-05-01T12:19:33.714+0545 [ERROR] [org.gradle.internal.buildevents.BuildExceptionReporter] 	at org.gradle.internal.operations.DefaultBuildOperationRunner.run(DefaultBuildOperationRunner.java:47)
2026-05-01T12:19:33.714+0545 [ERROR] [org.gradle.internal.buildevents.BuildExceptionReporter] 	at org.gradle.configuration.project.LifecycleProjectEvaluator.evaluate(LifecycleProjectEvaluator.java:72)
2026-05-01T12:19:33.714+0545 [ERROR] [org.gradle.internal.buildevents.BuildExceptionReporter] 	at org.gradle.api.internal.project.DefaultProject.evaluateUnchecked(DefaultProject.java:828)
2026-05-01T12:19:33.714+0545 [ERROR] [org.gradle.internal.buildevents.BuildExceptionReporter] 	at org.gradle.api.internal.project.ProjectLifecycleController.lambda$ensureSelfConfigured$2(ProjectLifecycleController.java:85)
2026-05-01T12:19:33.714+0545 [ERROR] [org.gradle.internal.buildevents.BuildExceptionReporter] 	at org.gradle.internal.model.StateTransitionController.lambda$doTransition$14(StateTransitionController.java:255)
2026-05-01T12:19:33.715+0545 [ERROR] [org.gradle.internal.buildevents.BuildExceptionReporter] 	at org.gradle.internal.model.StateTransitionController.doTransition(StateTransitionController.java:266)
2026-05-01T12:19:33.715+0545 [ERROR] [org.gradle.internal.buildevents.BuildExceptionReporter] 	at org.gradle.internal.model.StateTransitionController.doTransition(StateTransitionController.java:254)
2026-05-01T12:19:33.715+0545 [ERROR] [org.gradle.internal.buildevents.BuildExceptionReporter] 	at org.gradle.internal.model.StateTransitionController.lambda$maybeTransitionIfNotCurrentlyTransitioning$10(StateTransitionController.java:199)
2026-05-01T12:19:33.715+0545 [ERROR] [org.gradle.internal.buildevents.BuildExceptionReporter] 	at org.gradle.internal.work.DefaultSynchronizer.withLock(DefaultSynchronizer.java:36)
2026-05-01T12:19:33.715+0545 [ERROR] [org.gradle.internal.buildevents.BuildExceptionReporter] 	at org.gradle.internal.model.StateTransitionController.maybeTransitionIfNotCurrentlyTransitioning(StateTransitionController.java:195)
2026-05-01T12:19:33.715+0545 [ERROR] [org.gradle.internal.buildevents.BuildExceptionReporter] 	at org.gradle.api.internal.project.ProjectLifecycleController.ensureSelfConfigured(ProjectLifecycleController.java:85)
2026-05-01T12:19:33.715+0545 [ERROR] [org.gradle.internal.buildevents.BuildExceptionReporter] 	at org.gradle.api.internal.project.DefaultProjectStateRegistry$ProjectStateImpl.ensureConfigured(DefaultProjectStateRegistry.java:385)
2026-05-01T12:19:33.715+0545 [ERROR] [org.gradle.internal.buildevents.BuildExceptionReporter] 	at org.gradle.execution.TaskPathProjectEvaluator.configure(TaskPathProjectEvaluator.java:42)
2026-05-01T12:19:33.715+0545 [ERROR] [org.gradle.internal.buildevents.BuildExceptionReporter] 	at org.gradle.execution.TaskPathProjectEvaluator.configureHierarchy(TaskPathProjectEvaluator.java:56)
2026-05-01T12:19:33.715+0545 [ERROR] [org.gradle.internal.buildevents.BuildExceptionReporter] 	at org.gradle.configuration.DefaultProjectsPreparer.prepareProjects(DefaultProjectsPreparer.java:50)
2026-05-01T12:19:33.715+0545 [ERROR] [org.gradle.internal.buildevents.BuildExceptionReporter] 	at org.gradle.configuration.BuildTreePreparingProjectsPreparer.prepareProjects(BuildTreePreparingProjectsPreparer.java:65)
2026-05-01T12:19:33.715+0545 [ERROR] [org.gradle.internal.buildevents.BuildExceptionReporter] 	at org.gradle.configuration.BuildOperationFiringProjectsPreparer$ConfigureBuild.run(BuildOperationFiringProjectsPreparer.java:52)
2026-05-01T12:19:33.715+0545 [ERROR] [org.gradle.internal.buildevents.BuildExceptionReporter] 	at org.gradle.internal.operations.DefaultBuildOperationRunner$1.execute(DefaultBuildOperationRunner.java:29)
2026-05-01T12:19:33.715+0545 [ERROR] [org.gradle.internal.buildevents.BuildExceptionReporter] 	at org.gradle.internal.operations.DefaultBuildOperationRunner$1.execute(DefaultBuildOperationRunner.java:26)
2026-05-01T12:19:33.715+0545 [ERROR] [org.gradle.internal.buildevents.BuildExceptionReporter] 	at org.gradle.internal.operations.DefaultBuildOperationRunner$2.execute(DefaultBuildOperationRunner.java:66)
2026-05-01T12:19:33.715+0545 [ERROR] [org.gradle.internal.buildevents.BuildExceptionReporter] 	at org.gradle.internal.operations.DefaultBuildOperationRunner$2.execute(DefaultBuildOperationRunner.java:59)
2026-05-01T12:19:33.715+0545 [ERROR] [org.gradle.internal.buildevents.BuildExceptionReporter] 	at org.gradle.internal.operations.DefaultBuildOperationRunner.execute(DefaultBuildOperationRunner.java:166)
2026-05-01T12:19:33.715+0545 [ERROR] [org.gradle.internal.buildevents.BuildExceptionReporter] 	at org.gradle.internal.operations.DefaultBuildOperationRunner.execute(DefaultBuildOperationRunner.java:59)
2026-05-01T12:19:33.715+0545 [ERROR] [org.gradle.internal.buildevents.BuildExceptionReporter] 	at org.gradle.internal.operations.DefaultBuildOperationRunner.run(DefaultBuildOperationRunner.java:47)
2026-05-01T12:19:33.715+0545 [ERROR] [org.gradle.internal.buildevents.BuildExceptionReporter] 	at org.gradle.configuration.BuildOperationFiringProjectsPreparer.prepareProjects(BuildOperationFiringProjectsPreparer.java:40)
2026-05-01T12:19:33.715+0545 [ERROR] [org.gradle.internal.buildevents.BuildExceptionReporter] 	at org.gradle.initialization.VintageBuildModelController.lambda$prepareProjects$2(VintageBuildModelController.java:84)
2026-05-01T12:19:33.715+0545 [ERROR] [org.gradle.internal.buildevents.BuildExceptionReporter] 	at org.gradle.internal.model.StateTransitionController.lambda$doTransition$14(StateTransitionController.java:255)
2026-05-01T12:19:33.715+0545 [ERROR] [org.gradle.internal.buildevents.BuildExceptionReporter] 	at org.gradle.internal.model.StateTransitionController.doTransition(StateTransitionController.java:266)
2026-05-01T12:19:33.715+0545 [ERROR] [org.gradle.internal.buildevents.BuildExceptionReporter] 	at org.gradle.internal.model.StateTransitionController.doTransition(StateTransitionController.java:254)
2026-05-01T12:19:33.715+0545 [ERROR] [org.gradle.internal.buildevents.BuildExceptionReporter] 	at org.gradle.internal.model.StateTransitionController.lambda$transitionIfNotPreviously$11(StateTransitionController.java:213)
2026-05-01T12:19:33.715+0545 [ERROR] [org.gradle.internal.buildevents.BuildExceptionReporter] 	at org.gradle.internal.work.DefaultSynchronizer.withLock(DefaultSynchronizer.java:36)
2026-05-01T12:19:33.715+0545 [ERROR] [org.gradle.internal.buildevents.BuildExceptionReporter] 	at org.gradle.internal.model.StateTransitionController.transitionIfNotPreviously(StateTransitionController.java:209)
2026-05-01T12:19:33.715+0545 [ERROR] [org.gradle.internal.buildevents.BuildExceptionReporter] 	at org.gradle.initialization.VintageBuildModelController.prepareProjects(VintageBuildModelController.java:84)
2026-05-01T12:19:33.715+0545 [ERROR] [org.gradle.internal.buildevents.BuildExceptionReporter] 	at org.gradle.initialization.VintageBuildModelController.prepareToScheduleTasks(VintageBuildModelController.java:71)
2026-05-01T12:19:33.715+0545 [ERROR] [org.gradle.internal.buildevents.BuildExceptionReporter] 	at org.gradle.internal.build.DefaultBuildLifecycleController.lambda$prepareToScheduleTasks$6(DefaultBuildLifecycleController.java:175)
2026-05-01T12:19:33.715+0545 [ERROR] [org.gradle.internal.buildevents.BuildExceptionReporter] 	at org.gradle.internal.model.StateTransitionController.lambda$doTransition$14(StateTransitionController.java:255)
2026-05-01T12:19:33.715+0545 [ERROR] [org.gradle.internal.buildevents.BuildExceptionReporter] 	at org.gradle.internal.model.StateTransitionController.doTransition(StateTransitionController.java:266)
2026-05-01T12:19:33.715+0545 [ERROR] [org.gradle.internal.buildevents.BuildExceptionReporter] 	at org.gradle.internal.model.StateTransitionController.doTransition(StateTransitionController.java:254)
2026-05-01T12:19:33.715+0545 [ERROR] [org.gradle.internal.buildevents.BuildExceptionReporter] 	at org.gradle.internal.model.StateTransitionController.lambda$maybeTransition$9(StateTransitionController.java:190)
2026-05-01T12:19:33.715+0545 [ERROR] [org.gradle.internal.buildevents.BuildExceptionReporter] 	at org.gradle.internal.work.DefaultSynchronizer.withLock(DefaultSynchronizer.java:36)
2026-05-01T12:19:33.715+0545 [ERROR] [org.gradle.internal.buildevents.BuildExceptionReporter] 	at org.gradle.internal.model.StateTransitionController.maybeTransition(StateTransitionController.java:186)
2026-05-01T12:19:33.715+0545 [ERROR] [org.gradle.internal.buildevents.BuildExceptionReporter] 	at org.gradle.internal.build.DefaultBuildLifecycleController.prepareToScheduleTasks(DefaultBuildLifecycleController.java:173)
2026-05-01T12:19:33.716+0545 [ERROR] [org.gradle.internal.buildevents.BuildExceptionReporter] 	at org.gradle.internal.buildtree.DefaultBuildTreeWorkPreparer.scheduleRequestedTasks(DefaultBuildTreeWorkPreparer.java:36)
2026-05-01T12:19:33.716+0545 [ERROR] [org.gradle.internal.buildevents.BuildExceptionReporter] 	at org.gradle.internal.cc.impl.VintageBuildTreeWorkController$scheduleAndRunRequestedTasks$1.apply(VintageBuildTreeWorkController.kt:36)
2026-05-01T12:19:33.716+0545 [ERROR] [org.gradle.internal.buildevents.BuildExceptionReporter] 	at org.gradle.internal.cc.impl.VintageBuildTreeWorkController$scheduleAndRunRequestedTasks$1.apply(VintageBuildTreeWorkController.kt:35)
2026-05-01T12:19:33.716+0545 [ERROR] [org.gradle.internal.buildevents.BuildExceptionReporter] 	at org.gradle.composite.internal.DefaultIncludedBuildTaskGraph.withNewWorkGraph(DefaultIncludedBuildTaskGraph.java:112)
2026-05-01T12:19:33.716+0545 [ERROR] [org.gradle.internal.buildevents.BuildExceptionReporter] 	at org.gradle.internal.cc.impl.VintageBuildTreeWorkController.scheduleAndRunRequestedTasks(VintageBuildTreeWorkController.kt:35)
2026-05-01T12:19:33.716+0545 [ERROR] [org.gradle.internal.buildevents.BuildExceptionReporter] 	at org.gradle.internal.buildtree.DefaultBuildTreeLifecycleController.lambda$scheduleAndRunTasks$1(DefaultBuildTreeLifecycleController.java:77)
2026-05-01T12:19:33.716+0545 [ERROR] [org.gradle.internal.buildevents.BuildExceptionReporter] 	at org.gradle.internal.buildtree.DefaultBuildTreeLifecycleController.lambda$runBuild$4(DefaultBuildTreeLifecycleController.java:120)
2026-05-01T12:19:33.716+0545 [ERROR] [org.gradle.internal.buildevents.BuildExceptionReporter] 	at org.gradle.internal.model.StateTransitionController.lambda$transition$6(StateTransitionController.java:169)
2026-05-01T12:19:33.716+0545 [ERROR] [org.gradle.internal.buildevents.BuildExceptionReporter] 	at org.gradle.internal.model.StateTransitionController.doTransition(StateTransitionController.java:266)
2026-05-01T12:19:33.716+0545 [ERROR] [org.gradle.internal.buildevents.BuildExceptionReporter] 	at org.gradle.internal.model.StateTransitionController.lambda$transition$7(StateTransitionController.java:169)
2026-05-01T12:19:33.716+0545 [ERROR] [org.gradle.internal.buildevents.BuildExceptionReporter] 	at org.gradle.internal.work.DefaultSynchronizer.withLock(DefaultSynchronizer.java:46)
2026-05-01T12:19:33.716+0545 [ERROR] [org.gradle.internal.buildevents.BuildExceptionReporter] 	at org.gradle.internal.model.StateTransitionController.transition(StateTransitionController.java:169)
2026-05-01T12:19:33.716+0545 [ERROR] [org.gradle.internal.buildevents.BuildExceptionReporter] 	at org.gradle.internal.buildtree.DefaultBuildTreeLifecycleController.runBuild(DefaultBuildTreeLifecycleController.java:117)
2026-05-01T12:19:33.716+0545 [ERROR] [org.gradle.internal.buildevents.BuildExceptionReporter] 	at org.gradle.internal.buildtree.DefaultBuildTreeLifecycleController.scheduleAndRunTasks(DefaultBuildTreeLifecycleController.java:77)
2026-05-01T12:19:33.716+0545 [ERROR] [org.gradle.internal.buildevents.BuildExceptionReporter] 	at org.gradle.internal.buildtree.DefaultBuildTreeLifecycleController.scheduleAndRunTasks(DefaultBuildTreeLifecycleController.java:72)
2026-05-01T12:19:33.716+0545 [ERROR] [org.gradle.internal.buildevents.BuildExceptionReporter] 	at org.gradle.tooling.internal.provider.ExecuteBuildActionRunner.run(ExecuteBuildActionRunner.java:31)
2026-05-01T12:19:33.716+0545 [ERROR] [org.gradle.internal.buildevents.BuildExceptionReporter] 	at org.gradle.launcher.exec.ChainingBuildActionRunner.run(ChainingBuildActionRunner.java:35)
2026-05-01T12:19:33.716+0545 [ERROR] [org.gradle.internal.buildevents.BuildExceptionReporter] 	at org.gradle.internal.buildtree.ProblemReportingBuildActionRunner.run(ProblemReportingBuildActionRunner.java:49)
2026-05-01T12:19:33.716+0545 [ERROR] [org.gradle.internal.buildevents.BuildExceptionReporter] 	at org.gradle.launcher.exec.BuildOutcomeReportingBuildActionRunner.run(BuildOutcomeReportingBuildActionRunner.java:71)
2026-05-01T12:19:33.716+0545 [ERROR] [org.gradle.internal.buildevents.BuildExceptionReporter] 	at org.gradle.tooling.internal.provider.FileSystemWatchingBuildActionRunner.run(FileSystemWatchingBuildActionRunner.java:135)
2026-05-01T12:19:33.716+0545 [ERROR] [org.gradle.internal.buildevents.BuildExceptionReporter] 	at org.gradle.launcher.exec.BuildCompletionNotifyingBuildActionRunner.run(BuildCompletionNotifyingBuildActionRunner.java:41)
2026-05-01T12:19:33.716+0545 [ERROR] [org.gradle.internal.buildevents.BuildExceptionReporter] 	at org.gradle.launcher.exec.RootBuildLifecycleBuildActionExecutor.lambda$execute$0(RootBuildLifecycleBuildActionExecutor.java:54)
2026-05-01T12:19:33.716+0545 [ERROR] [org.gradle.internal.buildevents.BuildExceptionReporter] 	at org.gradle.composite.internal.DefaultRootBuildState.run(DefaultRootBuildState.java:130)
2026-05-01T12:19:33.716+0545 [ERROR] [org.gradle.internal.buildevents.BuildExceptionReporter] 	at org.gradle.launcher.exec.RootBuildLifecycleBuildActionExecutor.execute(RootBuildLifecycleBuildActionExecutor.java:54)
2026-05-01T12:19:33.716+0545 [ERROR] [org.gradle.internal.buildevents.BuildExceptionReporter] 	at org.gradle.internal.buildtree.InitDeprecationLoggingActionExecutor.execute(InitDeprecationLoggingActionExecutor.java:62)
2026-05-01T12:19:33.716+0545 [ERROR] [org.gradle.internal.buildevents.BuildExceptionReporter] 	at org.gradle.internal.buildtree.InitProblems.execute(InitProblems.java:36)
2026-05-01T12:19:33.716+0545 [ERROR] [org.gradle.internal.buildevents.BuildExceptionReporter] 	at org.gradle.internal.buildtree.DefaultBuildTreeContext.execute(DefaultBuildTreeContext.java:40)
2026-05-01T12:19:33.716+0545 [ERROR] [org.gradle.internal.buildevents.BuildExceptionReporter] 	at org.gradle.launcher.exec.BuildTreeLifecycleBuildActionExecutor.lambda$execute$0(BuildTreeLifecycleBuildActionExecutor.java:71)
2026-05-01T12:19:33.716+0545 [ERROR] [org.gradle.internal.buildevents.BuildExceptionReporter] 	at org.gradle.internal.buildtree.BuildTreeState.run(BuildTreeState.java:60)
2026-05-01T12:19:33.716+0545 [ERROR] [org.gradle.internal.buildevents.BuildExceptionReporter] 	at org.gradle.launcher.exec.BuildTreeLifecycleBuildActionExecutor.execute(BuildTreeLifecycleBuildActionExecutor.java:71)
2026-05-01T12:19:33.716+0545 [ERROR] [org.gradle.internal.buildevents.BuildExceptionReporter] 	at org.gradle.launcher.exec.RunAsBuildOperationBuildActionExecutor$2.call(RunAsBuildOperationBuildActionExecutor.java:67)
2026-05-01T12:19:33.716+0545 [ERROR] [org.gradle.internal.buildevents.BuildExceptionReporter] 	at org.gradle.launcher.exec.RunAsBuildOperationBuildActionExecutor$2.call(RunAsBuildOperationBuildActionExecutor.java:63)
2026-05-01T12:19:33.716+0545 [ERROR] [org.gradle.internal.buildevents.BuildExceptionReporter] 	at org.gradle.internal.operations.DefaultBuildOperationRunner$CallableBuildOperationWorker.execute(DefaultBuildOperationRunner.java:209)
2026-05-01T12:19:33.716+0545 [ERROR] [org.gradle.internal.buildevents.BuildExceptionReporter] 	at org.gradle.internal.operations.DefaultBuildOperationRunner$CallableBuildOperationWorker.execute(DefaultBuildOperationRunner.java:204)
2026-05-01T12:19:33.716+0545 [ERROR] [org.gradle.internal.buildevents.BuildExceptionReporter] 	at org.gradle.internal.operations.DefaultBuildOperationRunner$2.execute(DefaultBuildOperationRunner.java:66)
2026-05-01T12:19:33.716+0545 [ERROR] [org.gradle.internal.buildevents.BuildExceptionReporter] 	at org.gradle.internal.operations.DefaultBuildOperationRunner$2.execute(DefaultBuildOperationRunner.java:59)
2026-05-01T12:19:33.716+0545 [ERROR] [org.gradle.internal.buildevents.BuildExceptionReporter] 	at org.gradle.internal.operations.DefaultBuildOperationRunner.execute(DefaultBuildOperationRunner.java:166)
2026-05-01T12:19:33.716+0545 [ERROR] [org.gradle.internal.buildevents.BuildExceptionReporter] 	at org.gradle.internal.operations.DefaultBuildOperationRunner.execute(DefaultBuildOperationRunner.java:59)
2026-05-01T12:19:33.717+0545 [ERROR] [org.gradle.internal.buildevents.BuildExceptionReporter] 	at org.gradle.internal.operations.DefaultBuildOperationRunner.call(DefaultBuildOperationRunner.java:53)
2026-05-01T12:19:33.717+0545 [ERROR] [org.gradle.internal.buildevents.BuildExceptionReporter] 	at org.gradle.launcher.exec.RunAsBuildOperationBuildActionExecutor.execute(RunAsBuildOperationBuildActionExecutor.java:63)
2026-05-01T12:19:33.717+0545 [ERROR] [org.gradle.internal.buildevents.BuildExceptionReporter] 	at org.gradle.launcher.exec.RunAsWorkerThreadBuildActionExecutor.lambda$execute$0(RunAsWorkerThreadBuildActionExecutor.java:36)
2026-05-01T12:19:33.717+0545 [ERROR] [org.gradle.internal.buildevents.BuildExceptionReporter] 	at org.gradle.internal.work.DefaultWorkerLeaseService.withLocks(DefaultWorkerLeaseService.java:263)
2026-05-01T12:19:33.717+0545 [ERROR] [org.gradle.internal.buildevents.BuildExceptionReporter] 	at org.gradle.internal.work.DefaultWorkerLeaseService.runAsWorkerThread(DefaultWorkerLeaseService.java:127)
2026-05-01T12:19:33.717+0545 [ERROR] [org.gradle.internal.buildevents.BuildExceptionReporter] 	at org.gradle.launcher.exec.RunAsWorkerThreadBuildActionExecutor.execute(RunAsWorkerThreadBuildActionExecutor.java:36)
2026-05-01T12:19:33.717+0545 [ERROR] [org.gradle.internal.buildevents.BuildExceptionReporter] 	at org.gradle.tooling.internal.provider.continuous.ContinuousBuildActionExecutor.execute(ContinuousBuildActionExecutor.java:110)
2026-05-01T12:19:33.717+0545 [ERROR] [org.gradle.internal.buildevents.BuildExceptionReporter] 	at org.gradle.tooling.internal.provider.SubscribableBuildActionExecutor.execute(SubscribableBuildActionExecutor.java:64)
2026-05-01T12:19:33.717+0545 [ERROR] [org.gradle.internal.buildevents.BuildExceptionReporter] 	at org.gradle.internal.session.DefaultBuildSessionContext.execute(DefaultBuildSessionContext.java:46)
2026-05-01T12:19:33.717+0545 [ERROR] [org.gradle.internal.buildevents.BuildExceptionReporter] 	at org.gradle.internal.buildprocess.execution.BuildSessionLifecycleBuildActionExecutor$ActionImpl.apply(BuildSessionLifecycleBuildActionExecutor.java:92)
2026-05-01T12:19:33.717+0545 [ERROR] [org.gradle.internal.buildevents.BuildExceptionReporter] 	at org.gradle.internal.buildprocess.execution.BuildSessionLifecycleBuildActionExecutor$ActionImpl.apply(BuildSessionLifecycleBuildActionExecutor.java:80)
2026-05-01T12:19:33.717+0545 [ERROR] [org.gradle.internal.buildevents.BuildExceptionReporter] 	at org.gradle.internal.session.BuildSessionState.run(BuildSessionState.java:71)
2026-05-01T12:19:33.717+0545 [ERROR] [org.gradle.internal.buildevents.BuildExceptionReporter] 	at org.gradle.internal.buildprocess.execution.BuildSessionLifecycleBuildActionExecutor.execute(BuildSessionLifecycleBuildActionExecutor.java:62)
2026-05-01T12:19:33.717+0545 [ERROR] [org.gradle.internal.buildevents.BuildExceptionReporter] 	at org.gradle.internal.buildprocess.execution.BuildSessionLifecycleBuildActionExecutor.execute(BuildSessionLifecycleBuildActionExecutor.java:41)
2026-05-01T12:19:33.717+0545 [ERROR] [org.gradle.internal.buildevents.BuildExceptionReporter] 	at org.gradle.internal.buildprocess.execution.StartParamsValidatingActionExecutor.execute(StartParamsValidatingActionExecutor.java:64)
2026-05-01T12:19:33.717+0545 [ERROR] [org.gradle.internal.buildevents.BuildExceptionReporter] 	at org.gradle.internal.buildprocess.execution.StartParamsValidatingActionExecutor.execute(StartParamsValidatingActionExecutor.java:32)
2026-05-01T12:19:33.717+0545 [ERROR] [org.gradle.internal.buildevents.BuildExceptionReporter] 	at org.gradle.internal.buildprocess.execution.SessionFailureReportingActionExecutor.execute(SessionFailureReportingActionExecutor.java:51)
2026-05-01T12:19:33.717+0545 [ERROR] [org.gradle.internal.buildevents.BuildExceptionReporter] 	at org.gradle.internal.buildprocess.execution.SessionFailureReportingActionExecutor.execute(SessionFailureReportingActionExecutor.java:39)
2026-05-01T12:19:33.717+0545 [ERROR] [org.gradle.internal.buildevents.BuildExceptionReporter] 	at org.gradle.internal.buildprocess.execution.SetupLoggingActionExecutor.execute(SetupLoggingActionExecutor.java:47)
2026-05-01T12:19:33.717+0545 [ERROR] [org.gradle.internal.buildevents.BuildExceptionReporter] 	at org.gradle.internal.buildprocess.execution.SetupLoggingActionExecutor.execute(SetupLoggingActionExecutor.java:31)
2026-05-01T12:19:33.717+0545 [ERROR] [org.gradle.internal.buildevents.BuildExceptionReporter] 	at org.gradle.launcher.daemon.server.exec.ExecuteBuild.doBuild(ExecuteBuild.java:70)
2026-05-01T12:19:33.717+0545 [ERROR] [org.gradle.internal.buildevents.BuildExceptionReporter] 	at org.gradle.launcher.daemon.server.exec.BuildCommandOnly.execute(BuildCommandOnly.java:37)
2026-05-01T12:19:33.717+0545 [ERROR] [org.gradle.internal.buildevents.BuildExceptionReporter] 	at org.gradle.launcher.daemon.server.api.DaemonCommandExecution.proceed(DaemonCommandExecution.java:104)
2026-05-01T12:19:33.717+0545 [ERROR] [org.gradle.internal.buildevents.BuildExceptionReporter] 	at org.gradle.launcher.daemon.server.exec.WatchForDisconnection.execute(WatchForDisconnection.java:39)
2026-05-01T12:19:33.717+0545 [ERROR] [org.gradle.internal.buildevents.BuildExceptionReporter] 	at org.gradle.launcher.daemon.server.api.DaemonCommandExecution.proceed(DaemonCommandExecution.java:104)
2026-05-01T12:19:33.717+0545 [ERROR] [org.gradle.internal.buildevents.BuildExceptionReporter] 	at org.gradle.launcher.daemon.server.exec.ResetDeprecationLogger.execute(ResetDeprecationLogger.java:29)
2026-05-01T12:19:33.717+0545 [ERROR] [org.gradle.internal.buildevents.BuildExceptionReporter] 	at org.gradle.launcher.daemon.server.api.DaemonCommandExecution.proceed(DaemonCommandExecution.java:104)
2026-05-01T12:19:33.717+0545 [ERROR] [org.gradle.internal.buildevents.BuildExceptionReporter] 	at org.gradle.launcher.daemon.server.exec.RequestStopIfSingleUsedDaemon.execute(RequestStopIfSingleUsedDaemon.java:35)
2026-05-01T12:19:33.717+0545 [ERROR] [org.gradle.internal.buildevents.BuildExceptionReporter] 	at org.gradle.launcher.daemon.server.api.DaemonCommandExecution.proceed(DaemonCommandExecution.java:104)
2026-05-01T12:19:33.717+0545 [ERROR] [org.gradle.internal.buildevents.BuildExceptionReporter] 	at org.gradle.launcher.daemon.server.exec.ForwardClientInput.lambda$execute$0(ForwardClientInput.java:40)
2026-05-01T12:19:33.717+0545 [ERROR] [org.gradle.internal.buildevents.BuildExceptionReporter] 	at org.gradle.internal.daemon.clientinput.ClientInputForwarder.forwardInput(ClientInputForwarder.java:80)
2026-05-01T12:19:33.718+0545 [ERROR] [org.gradle.internal.buildevents.BuildExceptionReporter] 	at org.gradle.launcher.daemon.server.exec.ForwardClientInput.execute(ForwardClientInput.java:37)
2026-05-01T12:19:33.718+0545 [ERROR] [org.gradle.internal.buildevents.BuildExceptionReporter] 	at org.gradle.launcher.daemon.server.api.DaemonCommandExecution.proceed(DaemonCommandExecution.java:104)
2026-05-01T12:19:33.718+0545 [ERROR] [org.gradle.internal.buildevents.BuildExceptionReporter] 	at org.gradle.launcher.daemon.server.exec.LogAndCheckHealth.execute(LogAndCheckHealth.java:64)
2026-05-01T12:19:33.718+0545 [ERROR] [org.gradle.internal.buildevents.BuildExceptionReporter] 	at org.gradle.launcher.daemon.server.api.DaemonCommandExecution.proceed(DaemonCommandExecution.java:104)
2026-05-01T12:19:33.718+0545 [ERROR] [org.gradle.internal.buildevents.BuildExceptionReporter] 	at org.gradle.launcher.daemon.server.exec.LogToClient.doBuild(LogToClient.java:63)
2026-05-01T12:19:33.718+0545 [ERROR] [org.gradle.internal.buildevents.BuildExceptionReporter] 	at org.gradle.launcher.daemon.server.exec.BuildCommandOnly.execute(BuildCommandOnly.java:37)
2026-05-01T12:19:33.718+0545 [ERROR] [org.gradle.internal.buildevents.BuildExceptionReporter] 	at org.gradle.launcher.daemon.server.api.DaemonCommandExecution.proceed(DaemonCommandExecution.java:104)
2026-05-01T12:19:33.718+0545 [ERROR] [org.gradle.internal.buildevents.BuildExceptionReporter] 	at org.gradle.launcher.daemon.server.exec.EstablishBuildEnvironment.doBuild(EstablishBuildEnvironment.java:84)
2026-05-01T12:19:33.718+0545 [ERROR] [org.gradle.internal.buildevents.BuildExceptionReporter] 	at org.gradle.launcher.daemon.server.exec.BuildCommandOnly.execute(BuildCommandOnly.java:37)
2026-05-01T12:19:33.718+0545 [ERROR] [org.gradle.internal.buildevents.BuildExceptionReporter] 	at org.gradle.launcher.daemon.server.api.DaemonCommandExecution.proceed(DaemonCommandExecution.java:104)
2026-05-01T12:19:33.718+0545 [ERROR] [org.gradle.internal.buildevents.BuildExceptionReporter] 	at org.gradle.launcher.daemon.server.exec.StartBuildOrRespondWithBusy$1.run(StartBuildOrRespondWithBusy.java:52)
2026-05-01T12:19:33.718+0545 [ERROR] [org.gradle.internal.buildevents.BuildExceptionReporter] 	at org.gradle.launcher.daemon.server.DaemonStateCoordinator.lambda$runCommand$0(DaemonStateCoordinator.java:321)
2026-05-01T12:19:33.718+0545 [ERROR] [org.gradle.internal.buildevents.BuildExceptionReporter] 	at org.gradle.internal.concurrent.ExecutorPolicy$CatchAndRecordFailures.onExecute(ExecutorPolicy.java:64)
2026-05-01T12:19:33.718+0545 [ERROR] [org.gradle.internal.buildevents.BuildExceptionReporter] 	at org.gradle.internal.concurrent.AbstractManagedExecutor$1.run(AbstractManagedExecutor.java:48)
2026-05-01T12:19:33.718+0545 [ERROR] [org.gradle.internal.buildevents.BuildExceptionReporter] 
2026-05-01T12:19:33.718+0545 [WARN] [org.gradle.internal.featurelifecycle.LoggingDeprecatedFeatureHandler] 
Deprecated Gradle features were used in this build, making it incompatible with Gradle 9.0.

You can use '--warning-mode all' to show the individual deprecation warnings and determine if they come from your own scripts or plugins.

For more on this, please refer to https://docs.gradle.org/8.12.1/userguide/command_line_interface.html#sec:command_line_warnings in the Gradle documentation.
2026-05-01T12:19:33.718+0545 [ERROR] [org.gradle.internal.buildevents.BuildResultLogger] 
2026-05-01T12:19:33.718+0545 [ERROR] [org.gradle.internal.buildevents.BuildResultLogger] BUILD FAILED in 1s
2026-05-01T12:19:33.718+0545 [DEBUG] [org.gradle.internal.operations.DefaultBuildOperationRunner] Build operation 'Build finished for file system watching' started
2026-05-01T12:19:33.719+0545 [INFO] [org.gradle.internal.watch.registry.impl.HierarchicalFileWatcherUpdater] Watched directory hierarchies: []
2026-05-01T12:19:33.720+0545 [DEBUG] [org.gradle.internal.operations.DefaultBuildOperationRunner] Completing Build operation 'Build finished for file system watching'
2026-05-01T12:19:33.720+0545 [DEBUG] [org.gradle.internal.operations.DefaultBuildOperationRunner] Build operation 'Build finished for file system watching' completed
2026-05-01T12:19:33.722+0545 [DEBUG] [org.gradle.cache.internal.LockOnDemandCrossProcessCacheAccess] Releasing file lock for cache directory md-supplier (E:\.gradle\caches\8.12.1\md-supplier)
2026-05-01T12:19:33.722+0545 [DEBUG] [org.gradle.cache.internal.DefaultFileLockManager] Releasing lock on cache directory md-supplier (E:\.gradle\caches\8.12.1\md-supplier).
2026-05-01T12:19:33.723+0545 [DEBUG] [org.gradle.cache.internal.LockOnDemandCrossProcessCacheAccess] Releasing file lock for Build Output Cleanup Cache (D:\CODES\shadrrr\.gradle\buildOutputCleanup)
2026-05-01T12:19:33.724+0545 [DEBUG] [org.gradle.cache.internal.DefaultFileLockManager] Releasing lock on Build Output Cleanup Cache (D:\CODES\shadrrr\.gradle\buildOutputCleanup).
2026-05-01T12:19:33.725+0545 [DEBUG] [org.gradle.cache.internal.LockOnDemandCrossProcessCacheAccess] Releasing file lock for cache directory md-rule (E:\.gradle\caches\8.12.1\md-rule)
2026-05-01T12:19:33.725+0545 [DEBUG] [org.gradle.cache.internal.DefaultFileLockManager] Releasing lock on cache directory md-rule (E:\.gradle\caches\8.12.1\md-rule).
2026-05-01T12:19:33.726+0545 [DEBUG] [org.gradle.api.internal.artifacts.ivyservice.resolveengine.store.CachedStoreFactory] Resolution result cache closed. Cache reads: 0, disk reads: 0 (avg: 0.0 secs, total: 0.0 secs)
2026-05-01T12:19:33.728+0545 [DEBUG] [org.gradle.api.internal.artifacts.ivyservice.resolveengine.store.CachedStoreFactory] Resolution result cache closed. Cache reads: 0, disk reads: 0 (avg: 0.0 secs, total: 0.0 secs)
2026-05-01T12:19:33.728+0545 [DEBUG] [org.gradle.api.internal.artifacts.ivyservice.resolveengine.store.ResolutionResultsStoreFactory] Deleted 2 resolution results binary files in 0.002 secs
2026-05-01T12:19:33.728+0545 [DEBUG] [org.gradle.internal.operations.DefaultBuildOperationRunner] Completing Build operation 'Run build'
2026-05-01T12:19:33.728+0545 [DEBUG] [org.gradle.internal.operations.DefaultBuildOperationRunner] Build operation 'Run build' completed
2026-05-01T12:19:33.728+0545 [DEBUG] [org.gradle.internal.resources.AbstractTrackedResourceLock] Daemon worker Thread 2: released lock on worker lease
2026-05-01T12:19:33.738+0545 [DEBUG] [org.gradle.deployment.internal.DefaultDeploymentRegistry] Stopping 0 deployment handles
2026-05-01T12:19:33.738+0545 [DEBUG] [org.gradle.deployment.internal.DefaultDeploymentRegistry] Stopped deployment handles
2026-05-01T12:19:33.739+0545 [DEBUG] [org.gradle.cache.internal.LockOnDemandCrossProcessCacheAccess] Releasing file lock for file hash cache (D:\CODES\shadrrr\.gradle\8.12.1\fileHashes)
2026-05-01T12:19:33.739+0545 [DEBUG] [org.gradle.cache.internal.DefaultFileLockManager] Releasing lock on file hash cache (D:\CODES\shadrrr\.gradle\8.12.1\fileHashes).
2026-05-01T12:19:33.740+0545 [DEBUG] [org.gradle.cache.internal.LockOnDemandCrossProcessCacheAccess] Releasing file lock for checksums cache (D:\CODES\shadrrr\.gradle\8.12.1\checksums)
2026-05-01T12:19:33.740+0545 [DEBUG] [org.gradle.cache.internal.DefaultFileLockManager] Releasing lock on checksums cache (D:\CODES\shadrrr\.gradle\8.12.1\checksums).
2026-05-01T12:19:33.741+0545 [DEBUG] [org.gradle.cache.internal.DefaultCacheCoordinator] Cache Compressed Files Expansion Cache (D:\CODES\shadrrr\.gradle\8.12.1\expanded) was closed 0 times.
2026-05-01T12:19:33.741+0545 [DEBUG] [org.gradle.cache.internal.DefaultCacheCleanupExecutor] VCS Checkout Cache (D:\CODES\shadrrr\.gradle\vcs-1) has last been fully cleaned up 0 hours ago
2026-05-01T12:19:33.741+0545 [DEBUG] [org.gradle.cache.internal.DefaultCacheCleanupExecutor] Skipping cleanup for VCS Checkout Cache (D:\CODES\shadrrr\.gradle\vcs-1) as it is not yet due
2026-05-01T12:19:33.742+0545 [DEBUG] [org.gradle.cache.internal.DefaultCacheCoordinator] Cache VCS Checkout Cache (D:\CODES\shadrrr\.gradle\vcs-1) was closed 0 times.
2026-05-01T12:19:33.742+0545 [DEBUG] [org.gradle.cache.internal.DefaultCacheCoordinator] Cache VCS metadata (D:\CODES\shadrrr\.gradle\8.12.1\vcsMetadata) was closed 0 times.
2026-05-01T12:19:33.742+0545 [DEBUG] [org.gradle.internal.operations.DefaultBuildOperationRunner] Build operation 'Deleting unused version-specific caches in D:\CODES\shadrrr\.gradle' started
2026-05-01T12:19:33.742+0545 [DEBUG] [org.gradle.internal.operations.DefaultBuildOperationRunner] Completing Build operation 'Deleting unused version-specific caches in D:\CODES\shadrrr\.gradle'
2026-05-01T12:19:33.742+0545 [DEBUG] [org.gradle.internal.operations.DefaultBuildOperationRunner] Build operation 'Deleting unused version-specific caches in D:\CODES\shadrrr\.gradle' completed
2026-05-01T12:19:33.742+0545 [DEBUG] [org.gradle.cache.internal.DefaultCacheCleanupExecutor] dependencies-accessors (E:\.gradle\caches\8.12.1\dependencies-accessors) has last been fully cleaned up 0 hours ago
2026-05-01T12:19:33.743+0545 [DEBUG] [org.gradle.cache.internal.DefaultCacheCleanupExecutor] Skipping cleanup for dependencies-accessors (E:\.gradle\caches\8.12.1\dependencies-accessors) as it is not yet due
2026-05-01T12:19:33.743+0545 [DEBUG] [org.gradle.cache.internal.DefaultCacheCoordinator] Cache dependencies-accessors (E:\.gradle\caches\8.12.1\dependencies-accessors) was closed 0 times.
2026-05-01T12:19:33.745+0545 [DEBUG] [org.gradle.launcher.daemon.server.exec.ExecuteBuild] The daemon has finished executing the build.
2026-05-01T12:19:33.793+0545 [DEBUG] [org.gradle.launcher.daemon.client.DaemonClientConnection] thread 1: dispatching class org.gradle.launcher.daemon.protocol.CloseInput
2026-05-01T12:19:33.793+0545 [DEBUG] [org.gradle.launcher.daemon.client.DaemonClient] Received result Success[value=org.gradle.launcher.exec.BuildActionResult@23202fce] from daemon DaemonInfo{pid=20436, address=[cb631a19-2560-4630-8525-098cc1f4182e port:30636, addresses:[/127.0.0.1]], state=Idle, lastBusy=1777617185435, context=DefaultDaemonContext[uid=c96bd123-4a02-4949-b0fc-b325316aa3d9,javaHome=C:\Program Files\Java\jre-1.8,javaVersion=8,javaVendor=Oracle Corporation,daemonRegistryDir=E:\.gradle\daemon,pid=20436,idleTimeout=10800000,priority=NORMAL,applyInstrumentationAgent=true,nativeServicesMode=ENABLED,daemonOpts=-Xmx2G,-Dfile.encoding=windows-1252,-Duser.country=US,-Duser.language=en,-Duser.variant]} (build should be done).
2026-05-01T12:19:33.793+0545 [DEBUG] [org.gradle.launcher.daemon.client.DaemonClientConnection] thread 1: dispatching class org.gradle.launcher.daemon.protocol.Finished
2026-05-01T12:19:33.793+0545 [DEBUG] [org.gradle.launcher.daemon.client.DaemonClientConnection] thread 1: connection stop
2026-05-01T12:19:33.795+0545 [DEBUG] [org.gradle.cache.internal.DefaultCacheCoordinator] Cache cache directory jvms (E:\.gradle\caches\8.12.1\jvms) was closed 0 times.
2026-05-01T12:19:33.795+0545 [LIFECYCLE] [org.gradle.launcher.cli.DebugLoggerWarningAction] 
#############################################################################
   WARNING WARNING WARNING WARNING WARNING WARNING WARNING WARNING WARNING

   Debug level logging will leak security sensitive information!

   For more details, please refer to https://docs.gradle.org/8.12.1/userguide/logging.html#sec:debug_security in the Gradle documentation.
#############################################################################

